DROP DATABASE IF EXISTS Data_Final;
CREATE DATABASE Data_Final;
USE Data_Final;

DROP TABLE IF EXISTS writers;

CREATE TABLE writers (
    ID	INT,
    Name	VARCHAR(128),
    Year	INT,
    Origin	VARCHAR(32)
);

INSERT INTO writers (ID, Name, Year, Origin) VALUES
	('1', 'Plato', '-428', 'Greece'),
	('2', 'Aristotle', '-384', 'Greece'),
	('3', 'Confucius', '-551', 'China'),
	('4', 'Sun Tzu', '-544', 'China'),
	('5', 'Rene Descartes', '1596', 'France'),
	('6', 'John Locke', '1632', 'England'),
	('7', 'Immanuel Kant', '1724', 'Germany'),
	('8', 'Georg Wilhelm Friedrich Hegel', '1770', 'Germany'),
	('9', 'Karl Marx', '1818', 'Germany'),
	('10', 'Friedrich Nietzsche', '1844', 'Germany'),
	('11', 'Jean-Jacques Rousseau', '1712', 'Switzerland'),
	('12', 'David Hume', '1711', 'Scotland'),
	('13', 'Baruch Spinoza', '1632', 'Netherlands'),
	('14', 'Thomas Hobbes', '1588', 'England'),
	('15', 'John Stuart Mill', '1806', 'England'),
	('16', 'Arthur Schopenhauer', '1788', 'Germany'),
	('17', 'Søren Kierkegaard', '1813', 'Denmark'),
	('18', 'Simone de Beauvoir', '1908', 'France'),
	('19', 'Michel Foucault', '1926', 'France'),
	('20', 'Ludwig Wittgenstein', '1889', 'Austria'),
	('21', 'Bertrand Russell', '1872', 'England'),
	('22', 'Martin Heidegger', '1889', 'Germany'),
	('23', 'Jean-Paul Sartre', '1905', 'France'),
	('24', 'Hannah Arendt', '1906', 'Germany'),
	('25', 'Gottfried Wilhelm Leibniz', '1646', 'Germany'),
	('26', 'Francis Bacon', '1561', 'England'),
	('27', 'Blaise Pascal', '1623', 'France'),
	('28', 'Voltaire', '1694', 'France'),
	('29', 'Denis Diderot', '1713', 'France'),
	('30', 'Edmund Burke', '1729', 'Ireland'),
	('31', 'Jeremy Bentham', '1748', 'England'),
	('32', 'Auguste Comte', '1798', 'France'),
	('33', 'Herbert Spencer', '1820', 'England'),
	('34', 'William James', '1842', 'United States'),
	('35', 'Henri Bergson', '1859', 'France'),
	('36', 'Alfred North Whitehead', '1861', 'England'),
	('37', 'George Santayana', '1863', 'Spain'),
	('38', 'John Dewey', '1859', 'United States'),
	('39', 'Gilbert Ryle', '1900', 'England'),
	('40', 'Karl Popper', '1902', 'Austria');

DROP TABLE IF EXISTS books;

CREATE TABLE books (
    ID	INT,
    Title	VARCHAR(256),
    Year	INT,
    Topics	VARCHAR(128),
    General_Topics	VARCHAR(64),
    Writer	INT
);

INSERT INTO books (ID, Title, Year, Topics, General_Topics, Writer) VALUES
	('1', 'A History of Western Philosophy', '1945', 'History of Philosophy', 'Philosophy', '21'),
	('2', 'A Letter Concerning Toleration', '1689', 'Religious Freedom, Tolerance', 'Political Philosophy', '6'),
	('3', 'A Philosophical Enquiry into the Origin of Our Ideas of the Sublime and Beautiful', '1757', 'Aesthetics, Psychology of Beauty', 'Aesthetics & Art', '30'),
	('4', 'A Short Treatise on God, Man and His Well-Being', '1660', 'Rationalism, Ethics, Theology', 'Metaphysics & Ethics', '13'),
	('5', 'A System of Logic', '1843', 'Logic, Scientific Method', 'Epistemology & Logic', '15'),
	('6', 'A Treatise of Human Nature', '1739', 'Empiricism, Skepticism, Human Psychology', 'Epistemology & Logic', '12'),
	('7', 'An Enquiry Concerning Human Understanding', '1748', 'Induction, Causation, Empiricism', 'Epistemology & Logic', '12'),
	('8', 'An Enquiry Concerning the Principles of Morals', '1751', 'Ethics, Sentimentalism', 'Metaphysics & Ethics', '12'),
	('9', 'An Essay Concerning Human Understanding', '1690', 'Epistemology, Empiricism', 'Epistemology & Logic', '6'),
	('10', 'An Introduction to the Principles of Morals and Legislation', '1789', 'Utilitarianism, Ethics, Law', 'Political Philosophy', '31'),
	('11', 'Analects', '-475', 'Ethics, Social Harmony, Governance', 'Political Philosophy', '3'),
	('12', 'Being and Nothingness', '1943', 'Existentialism, Freedom, Consciousness', 'Existentialism & Metaphysics', '23'),
	('13', 'Being and Time', '1927', 'Existentialism, Phenomenology, Ontology', 'Existentialism & Metaphysics', '22'),
	('14', 'Beyond Good and Evil', '1886', 'Morality, Truth, Power', 'Metaphysics & Ethics', '10'),
	('15', 'Candide', '1759', 'Satire, Enlightenment, Critique of Optimism', 'Political Philosophy', '28'),
	('16', 'Confessions', '1782', 'Autobiography, Personal Philosophy', 'Metaphysics & Ethics', '11'),
	('17', 'Conjectures and Refutations', '1963', 'Scientific Method, Criticism', 'Philosophy of Science', '40'),
	('18', 'Course of Positive Philosophy', '1830', 'Positivism, Sociology, Science', 'Philosophy of Science', '32'),
	('19', 'Creative Evolution', '1907', 'Evolution, Vitalism', 'Metaphysics & Ethics', '35'),
	('20', 'Critique of Judgment', '1790', 'Aesthetics, Teleology', 'Aesthetics & Art', '7'),
	('21', 'Critique of Practical Reason', '1788', 'Ethics, Morality, Free Will', 'Metaphysics & Ethics', '7'),
	('22', 'Critique of Pure Reason', '1781', 'Metaphysics, Epistemology, Reason', 'Epistemology & Logic', '7'),
	('23', 'Das Kapital', '1867', 'Capitalism, Political Economy, Class Struggle', 'Political Philosophy', '9'),
	('24', 'De Cive (On the Citizen)', '1642', 'Law, Sovereignty, Political Theory', 'Political Philosophy', '14'),
	('25', 'Democracy and Education', '1916', 'Pragmatism, Education, Democracy', 'Philosophy', '38'),
	('26', 'Dialogues Concerning Natural Religion', '1779', 'Philosophy of Religion, Theism vs. Atheism', 'Philosophy', '12'),
	('27', 'Dilemmas', '1954', 'Logic, Conceptual Analysis', 'Epistemology & Logic', '39'),
	('28', 'Discipline and Punish', '1975', 'Power, Surveillance, Prison System', 'Political Philosophy', '19'),
	('29', 'Discourse on Metaphysics', '1686', 'Theodicy, Free Will, Rationalism', 'Metaphysics & Ethics', '25'),
	('30', 'Discourse on the Method', '1637', 'Scientific Method, Rationalism', 'Epistemology & Logic', '5'),
	('31', 'Discourse on the Origin and Basis of Inequality Among Men', '1755', 'Inequality, Social Critique', 'Political Philosophy', '11'),
	('32', 'Economic and Philosophic Manuscripts of 1844', '1844', 'Alienation, Political Economy', 'Political Philosophy', '9'),
	('33', 'Eichmann in Jerusalem: A Report on the Banality of Evil', '1963', 'Justice, Totalitarianism', 'Political Philosophy', '24'),
	('34', 'Either/Or', '1843', 'Aesthetic vs. Ethical Life, Choice', 'Existentialism & Metaphysics', '17'),
	('35', 'Elements of the Philosophy of Right', '1820', 'Ethics, Law, State, Freedom', 'Political Philosophy', '8'),
	('36', 'Emile, or On Education', '1762', 'Education, Human Development', 'Philosophy', '11'),
	('37', 'Encyclopédie (co-edited with d Alembert)', '1751', 'Knowledge, Enlightenment, Rationalism', 'Political Philosophy', '29'),
	('38', 'Ethics', '1677', 'Metaphysics, Pantheism, Determinism', 'Metaphysics & Ethics', '13'),
	('39', 'Existentialism is a Humanism', '1946', 'Ethics, Freedom, Responsibility', 'Existentialism & Metaphysics', '23'),
	('40', 'Experience and Nature', '1925', 'Naturalism, Empiricism', 'Epistemology & Logic', '38'),
	('41', 'Fear and Trembling', '1843', 'Faith, Existentialism, Ethics', 'Existentialism & Metaphysics', '17'),
	('42', 'First Principles', '1862', 'Philosophy of Science, Evolution', 'Philosophy of Science', '33'),
	('43', 'Groundwork of the Metaphysics of Morals', '1785', 'Moral Philosophy, Duty', 'Metaphysics & Ethics', '7'),
	('44', 'Introduction to Metaphysics', '1953', 'Metaphysics, Ontology', 'Metaphysics & Ethics', '22'),
	('45', 'Jacques the Fatalist and His Master', '1796', 'Determinism, Free Will', 'Political Philosophy', '29'),
	('46', 'Laws', '-360', 'Political Philosophy, Law', 'Political Philosophy', '1'),
	('47', 'Letters on the English', '1733', 'Political Philosophy, English System', 'Political Philosophy', '28'),
	('48', 'Leviathan', '1651', 'Social Contract, Political Authority', 'Political Philosophy', '14'),
	('49', 'Madness and Civilization', '1961', 'Psychiatry, Social Constructs, Madness', 'Political Philosophy', '19'),
	('50', 'Matter and Memory', '1896', 'Perception, Memory, Psychology', 'Metaphysics & Ethics', '35'),
	('51', 'Meditations on First Philosophy', '1641', 'Rationalism, Dualism, Epistemology', 'Epistemology & Logic', '5'),
	('52', 'Metaphysics', '-340', 'Being, Substance, First Principles', 'Metaphysics & Ethics', '2'),
	('53', 'Monadology', '1714', 'Metaphysics, Monads, Reality', 'Metaphysics & Ethics', '25'),
	('54', 'Nausea', '1938', 'Existentialism, Absurdity', 'Existentialism & Metaphysics', '23'),
	('55', 'New Atlantis', '1627', 'Utopian Science, Knowledge', 'Political Philosophy', '26'),
	('56', 'New Essays on Human Understanding', '1704', 'Epistemology, Rationalism', 'Epistemology & Logic', '25'),
	('57', 'Nicomachean Ethics', '-350', 'Virtue Ethics, Moral Philosophy', 'Metaphysics & Ethics', '2'),
	('58', 'Novum Organum', '1620', 'Scientific Method, Empiricism', 'Philosophy of Science', '26'),
	('59', 'On Certainty', '1969', 'Skepticism, Epistemology, Certainty', 'Epistemology & Logic', '20'),
	('60', 'On Liberty', '1859', 'Freedom of Speech, Individual Rights', 'Political Philosophy', '15'),
	('61', 'On the Fourfold Root of the Principle of Sufficient Reason', '1813', 'Epistemology, Reason', 'Metaphysics & Ethics', '16'),
	('62', 'On the Genealogy of Morals', '1887', 'Morality, History, Power', 'Political Philosophy', '10'),
	('63', 'Parerga and Paralipomena', '1851', 'Essays on Philosophy, Buddhism, Ethics', 'Metaphysics & Ethics', '16'),
	('64', 'Pensées', '1670', 'Religion, Faith, Pascal’s Wager', 'Philosophy', '27'),
	('65', 'Phaedrus', '-370', 'Rhetoric, Love, Soul', 'Philosophy & Ethics', '1'),
	('66', 'Philosophical Dictionary', '1764', 'Religion, Reason, Free Thought', 'Political Philosophy', '28'),
	('67', 'Philosophical Investigations', '1953', 'Meaning, Language, Ordinary Language Philosophy', 'Epistemology & Logic', '20'),
	('68', 'Poetics', '-335', 'Tragedy, Art, Literary Theory', 'Aesthetics & Art', '2'),
	('69', 'Politics', '-350', 'Political Theory, State', 'Political Philosophy', '2'),
	('70', 'Pragmatism', '1907', 'Philosophy of Truth, Practical Reasoning', 'Epistemology & Logic', '34'),
	('71', 'Principia Mathematica (with A. N. Whitehead)', '1910', 'Logic, Mathematics, Foundations of Science', 'Epistemology & Logic', '21'),
	('72', 'Principles of Philosophy', '1644', 'Metaphysics, Natural Philosophy', 'Metaphysics & Ethics', '5'),
	('73', 'Process and Reality', '1929', 'Metaphysics, Process Philosophy', 'Metaphysics & Ethics', '36'),
	('74', 'Reflections on the Revolution in France', '1790', 'Conservatism, Political Theory', 'Political Philosophy', '30'),
	('75', 'Rhetoric', '-330', 'Persuasion, Argumentation', 'Political Philosophy', '2'),
	('76', 'Science and the Modern World', '1925', 'Science, Philosophy of Nature', 'Philosophy of Science', '36'),
	('77', 'Science of Logic', '1812', 'Metaphysics, Dialectics', 'Metaphysics & Ethics', '8'),
	('78', 'She Came to Stay', '1943', 'Existential Novel, Identity, Freedom', 'Existentialism & Metaphysics', '18'),
	('79', 'Skepticism and Animal Faith', '1923', 'Epistemology, Pragmatism', 'Epistemology & Logic', '37'),
	('80', 'Symposium', '-385', 'Love, Beauty, Philosophy of Eros', 'Metaphysics & Ethics', '1'),
	('81', 'System of Positive Polity', '1851', 'Sociology, Social Reform', 'Political Philosophy', '32'),
	('82', 'The Advancement of Learning', '1605', 'Epistemology, Science, Progress', 'Philosophy of Science', '26'),
	('83', 'The Antichrist', '1888', 'Christianity, Morality, Power', 'Philosophy', '10'),
	('84', 'The Art of War', '-500', 'Military Strategy, Warfare, Leadership', 'Political Philosophy', '4'),
	('85', 'The Birth of Tragedy', '1872', 'Art, Greek Tragedy, Dionysian vs. Apollonian', 'Aesthetics & Art', '10'),
	('86', 'The Communist Manifesto', '1848', 'Socialism, Class Conflict, Revolution', 'Political Philosophy', '9'),
	('87', 'The Concept of Anxiety', '1844', 'Psychology, Existential Angst', 'Existentialism & Metaphysics', '17'),
	('88', 'The Concept of Mind', '1949', 'Philosophy of Mind, Behaviorism', 'Philosophy', '39'),
	('89', 'The Doctrine of the Mean (Zhongyong)', '-500', 'Moderation, Virtue, Ethics', 'Political Philosophy', '3'),
	('90', 'The Elements of Law, Natural and Politic', '1640', 'Human Nature, Government', 'Political Philosophy', '14'),
	('91', 'The Ethics of Ambiguity', '1947', 'Existential Ethics, Freedom', 'Existentialism & Metaphysics', '18'),
	('92', 'The Great Learning (Daxue)', '-500', 'Self-Cultivation, Governance', 'Political Philosophy', '3'),
	('93', 'The History of Sexuality', '1976', 'Sexuality, Power Structures', 'Political Philosophy', '19'),
	('94', 'The Human Condition', '1958', 'Political Action, Work, Labor', 'Political Philosophy', '24'),
	('95', 'The Life of Reason', '1905', 'Philosophy of Life, Rationality', 'Metaphysics & Ethics', '37'),
	('96', 'The Logic of Scientific Discovery', '1934', 'Epistemology, Falsifiability', 'Philosophy of Science', '40'),
	('97', 'The Open Society and Its Enemies', '1945', 'Political Philosophy, Critique of Totalitarianism', 'Political Philosophy', '40'),
	('98', 'The Order of Things', '1966', 'Epistemology, Human Sciences, Language', 'Political Philosophy', '19'),
	('99', 'The Origins of Totalitarianism', '1951', 'Political Philosophy, Fascism, Nazism', 'Political Philosophy', '24'),
	('100', 'The Panopticon Writings', '1787', 'Surveillance, Social Control', 'Political Philosophy', '31'),
	('101', 'The Phenomenology of Spirit', '1807', 'Dialectics, Consciousness, History', 'Metaphysics & Ethics', '8'),
	('102', 'The Principles of Psychology', '1890', 'Psychology, Consciousness, Pragmatism', 'Epistemology & Logic', '34'),
	('103', 'The Principles of Sociology', '1876', 'Evolutionary Sociology, Social Darwinism', 'Political Philosophy', '33'),
	('104', 'The Problems of Philosophy', '1912', 'Epistemology, Empiricism, Knowledge', 'Epistemology & Logic', '21'),
	('105', 'The Provincial Letters', '1657', 'Theology, Jansenism, Religious Satire', 'Philosophy', '27'),
	('106', 'The Public and Its Problems', '1927', 'Political Philosophy, Democracy', 'Political Philosophy', '38'),
	('107', 'The Question Concerning Technology', '1954', 'Philosophy of Technology', 'Philosophy', '22'),
	('108', 'The Realms of Being', '1942', 'Metaphysics, Materialism, Idealism', 'Metaphysics & Ethics', '37'),
	('109', 'The Republic', '-375', 'Justice, Ideal State, Philosopher-King', 'Political Philosophy', '1'),
	('110', 'The Second Sex', '1949', 'Feminism, Gender, Existentialism', 'Feminist Philosophy', '18'),
	('111', 'The Social Contract', '1762', 'Political Philosophy, General Will, Democracy', 'Political Philosophy', '11'),
	('112', 'The Subjection of Women', '1869', 'Feminism, Gender Equality', 'Feminist Philosophy', '15'),
	('113', 'The Varieties of Religious Experience', '1902', 'Religion, Mysticism, Pragmatism', 'Philosophy', '34'),
	('114', 'The World as Will and Representation', '1818', 'Metaphysics, Will, Pessimism', 'Metaphysics & Ethics', '16'),
	('115', 'Theological-Political Treatise', '1670', 'Religion, Politics, Freedom of Thought', 'Political Philosophy', '13'),
	('116', 'Thus Spoke Zarathustra', '1883', 'Nihilism, Will to Power, Übermensch', 'Existentialism & Metaphysics', '10'),
	('117', 'Timaeus', '-360', 'Cosmology, Metaphysics, Nature of Reality', 'Metaphysics & Ethics', '1'),
	('118', 'Time and Free Will', '1889', 'Metaphysics, Consciousness, Free Will', 'Metaphysics & Ethics', '35'),
	('119', 'Tractatus Logico-Philosophicus', '1921', 'Language, Logic, Reality', 'Epistemology & Logic', '20'),
	('120', 'Two Treatises of Government', '1689', 'Natural Rights, Political Philosophy', 'Political Philosophy', '6'),
	('121', 'Utilitarianism', '1863', 'Moral Philosophy, Greatest Happiness', 'Political Philosophy', '15'),
	('122', 'Why I Am Not a Christian', '1927', 'Religion, Atheism, Morality', 'Philosophy', '21'),
	('123', 'Works of Love', '1847', 'Christian Ethics, Love', 'Metaphysics & Ethics', '17');

DROP TABLE IF EXISTS ads;

DROP TABLE IF EXISTS ads;

CREATE TABLE ads (
    Date	DATE,
    BookID	INT,
    Gender	VARCHAR(16),
    Age	INT,
    Marital	VARCHAR(16),
    Platform	VARCHAR(16),
    network	INT,
    Sold	VARCHAR(8)
);

INSERT INTO ads (Date, BookID, Gender, Age, Marital, Platform, network, Sold) VALUES
	('2020-01-01', '16', 'Male', '16', 'Single', 'X', '5664', 'Y'),
	('2020-01-01', '18', 'Female', '29', 'Divorced', 'Instagram', '2640', 'Y'),
	('2020-01-02', '58', 'Male', '28', 'Married', 'Tiktok', '876', 'N'),
	('2020-01-02', '80', 'Female', '34', 'Single', 'Instagram', '1656', 'Y'),
	('2020-01-02', '85', 'Male', '44', 'Married', 'Instagram', '99', 'Y'),
	('2020-01-02', '33', 'Female', '36', 'Single', 'Tiktok', '8740', 'N'),
	('2020-01-02', '108', 'Female', '19', 'Single', 'Instagram', '2716', 'N'),
	('2020-01-02', '100', 'Female', '35', 'Married', 'Instagram', '1386', 'N'),
	('2020-01-02', '83', 'Male', '53', 'Single', 'Instagram', '54', 'N'),
	('2020-01-02', '79', 'Female', '30', 'Married', 'X', '10808', 'N'),
	('2020-01-02', '11', 'Male', '53', 'Married', 'Tiktok', '225', 'Y'),
	('2020-01-02', '94', 'Male', '23', 'Single', 'Tiktok', '2502', 'Y'),
	('2020-01-02', '41', 'Female', '28', 'Divorced', 'Facebook', '1560', 'N'),
	('2020-01-03', '38', 'Male', '36', 'Married', 'Instagram', '4212', 'N'),
	('2020-01-03', '68', 'Male', '33', 'Married', 'Facebook', '2628', 'Y'),
	('2020-01-03', '16', 'Female', '27', 'Married', 'X', '8918', 'Y'),
	('2020-01-03', '72', 'Male', '20', 'Single', 'Facebook', '2933', 'N'),
	('2020-01-03', '87', 'Male', '43', 'Single', 'Instagram', '343', 'N'),
	('2020-01-04', '93', 'Female', '49', 'Divorced', 'Instagram', '114', 'N'),
	('2020-01-05', '58', 'Female', '53', 'Single', 'Tiktok', '348', 'Y'),
	('2020-01-05', '118', 'Male', '24', 'Married', 'X', '5700', 'Y'),
	('2020-01-05', '27', 'Male', '54', 'Married', 'X', '167', 'N'),
	('2020-01-06', '62', 'Male', '48', 'Married', 'Instagram', '64', 'Y'),
	('2020-01-06', '4', 'Female', '20', 'Single', 'Tiktok', '7344', 'Y'),
	('2020-01-08', '100', 'Female', '45', 'Single', 'Instagram', '167', 'N'),
	('2020-01-08', '45', 'Male', '22', 'Single', 'X', '429', 'N'),
	('2020-01-08', '80', 'Male', '54', 'Married', 'Facebook', '309', 'Y'),
	('2020-01-08', '109', 'Male', '39', 'Single', 'X', '2366', 'Y'),
	('2020-01-08', '44', 'Female', '37', 'Married', 'Instagram', '1848', 'Y'),
	('2020-01-08', '96', 'Male', '23', 'Single', 'Instagram', '2800', 'Y'),
	('2020-01-08', '76', 'Female', '54', 'Married', 'Tiktok', '147', 'N'),
	('2020-01-08', '114', 'Male', '30', 'Married', 'Instagram', '5130', 'N'),
	('2020-01-08', '98', 'Male', '33', 'Married', 'X', '8670', 'Y'),
	('2020-01-08', '118', 'Male', '24', 'Married', 'Facebook', '1540', 'Y'),
	('2020-01-09', '4', 'Male', '39', 'Married', 'X', '2899', 'N'),
	('2020-01-10', '120', 'Male', '52', 'Single', 'Tiktok', '388', 'N'),
	('2020-01-10', '62', 'Male', '30', 'Married', 'X', '2134', 'N'),
	('2020-01-11', '120', 'Male', '38', 'Single', 'X', '1050', 'N'),
	('2020-01-11', '89', 'Female', '32', 'Single', 'Instagram', '7424', 'N'),
	('2020-01-11', '41', 'Male', '34', 'Married', 'Instagram', '2916', 'N'),
	('2020-01-11', '72', 'Male', '54', 'Single', 'X', '378', 'Y'),
	('2020-01-11', '12', 'Female', '48', 'Married', 'Tiktok', '60', 'Y'),
	('2020-01-11', '105', 'Female', '43', 'Divorced', 'Tiktok', '316', 'Y'),
	('2020-01-13', '101', 'Female', '51', 'Single', 'Instagram', '99', 'N'),
	('2020-01-14', '66', 'Female', '44', 'Single', 'Instagram', '346', 'N'),
	('2020-01-16', '18', 'Female', '43', 'Divorced', 'Instagram', '240', 'Y'),
	('2020-01-16', '86', 'Male', '26', 'Single', 'X', '3590', 'Y'),
	('2020-01-16', '67', 'Male', '55', 'Single', 'Instagram', '173', 'N'),
	('2020-01-16', '30', 'Female', '23', 'Single', 'Tiktok', '4631', 'N'),
	('2020-01-16', '113', 'Female', '19', 'Single', 'Instagram', '1884', 'N'),
	('2020-01-16', '31', 'Female', '16', 'Single', 'Facebook', '2522', 'Y'),
	('2020-01-16', '107', 'Male', '48', 'Divorced', 'Tiktok', '29', 'Y'),
	('2020-01-16', '32', 'Male', '15', 'Single', 'Instagram', '7446', 'N'),
	('2020-01-16', '41', 'Female', '28', 'Single', 'Facebook', '2925', 'Y'),
	('2020-01-16', '119', 'Male', '49', 'Single', 'Tiktok', '125', 'N'),
	('2020-01-16', '26', 'Male', '16', 'Single', 'Facebook', '1437', 'N'),
	('2020-01-17', '12', 'Male', '46', 'Single', 'X', '298', 'N'),
	('2020-01-19', '44', 'Female', '44', 'Single', 'X', '231', 'N'),
	('2020-01-20', '39', 'Female', '49', 'Married', 'Tiktok', '366', 'N'),
	('2020-01-21', '65', 'Male', '34', 'Single', 'Instagram', '11975', 'N'),
	('2020-01-23', '66', 'Female', '23', 'Single', 'Facebook', '6119', 'N'),
	('2020-01-23', '9', 'Male', '48', 'Married', 'X', '151', 'N'),
	('2020-01-23', '49', 'Male', '52', 'Married', 'Tiktok', '270', 'N'),
	('2020-01-25', '20', 'Female', '55', 'Single', 'X', '24', 'N'),
	('2020-01-25', '37', 'Female', '25', 'Divorced', 'Instagram', '6304', 'N'),
	('2020-01-25', '29', 'Male', '20', 'Single', 'Tiktok', '1548', 'N'),
	('2020-01-25', '118', 'Male', '37', 'Married', 'X', '5423', 'Y'),
	('2020-01-27', '50', 'Female', '26', 'Single', 'Facebook', '684', 'N'),
	('2020-01-27', '71', 'Female', '28', 'Married', 'Facebook', '10416', 'Y'),
	('2020-01-29', '26', 'Male', '35', 'Married', 'Facebook', '4590', 'Y'),
	('2020-01-30', '49', 'Male', '22', 'Single', 'Facebook', '291', 'N'),
	('2020-02-01', '51', 'Male', '23', 'Single', 'Facebook', '786', 'N'),
	('2020-02-01', '40', 'Male', '24', 'Single', 'Tiktok', '2489', 'N'),
	('2020-02-01', '77', 'Male', '17', 'Single', 'X', '594', 'Y'),
	('2020-02-01', '92', 'Male', '20', 'Single', 'Instagram', '4734', 'N'),
	('2020-02-01', '107', 'Female', '50', 'Married', 'Facebook', '48', 'N'),
	('2020-02-01', '24', 'Female', '32', 'Married', 'X', '4272', 'N'),
	('2020-02-01', '70', 'Female', '31', 'Married', 'Instagram', '387', 'N'),
	('2020-02-03', '27', 'Male', '29', 'Married', 'X', '4080', 'N'),
	('2020-02-03', '101', 'Male', '45', 'Single', 'Facebook', '305', 'N'),
	('2020-02-03', '31', 'Male', '55', 'Single', 'Tiktok', '44', 'N'),
	('2020-02-03', '103', 'Female', '47', 'Single', 'X', '211', 'N'),
	('2020-02-03', '107', 'Male', '23', 'Single', 'Facebook', '594', 'N'),
	('2020-02-04', '88', 'Female', '19', 'Single', 'Tiktok', '305', 'Y'),
	('2020-02-04', '117', 'Male', '32', 'Single', 'Tiktok', '4368', 'Y'),
	('2020-02-04', '89', 'Male', '24', 'Single', 'X', '1672', 'N'),
	('2020-02-05', '21', 'Male', '46', 'Married', 'Facebook', '291', 'N'),
	('2020-02-05', '93', 'Male', '29', 'Single', 'Instagram', '3325', 'Y'),
	('2020-02-05', '99', 'Male', '16', 'Single', 'Facebook', '1183', 'Y'),
	('2020-02-06', '63', 'Male', '34', 'Single', 'Instagram', '2034', 'Y'),
	('2020-02-06', '73', 'Female', '34', 'Married', 'Instagram', '8492', 'N'),
	('2020-02-08', '30', 'Female', '31', 'Married', 'Tiktok', '11310', 'N'),
	('2020-02-08', '68', 'Female', '47', 'Single', 'X', '86', 'N'),
	('2020-02-09', '38', 'Female', '32', 'Single', 'Tiktok', '14181', 'Y'),
	('2020-02-09', '87', 'Male', '27', 'Divorced', 'Instagram', '11107', 'N'),
	('2020-02-10', '80', 'Female', '28', 'Married', 'X', '1751', 'N'),
	('2020-02-10', '14', 'Female', '45', 'Single', 'X', '282', 'N'),
	('2020-02-10', '41', 'Female', '20', 'Single', 'Instagram', '4680', 'N'),
	('2020-02-10', '120', 'Female', '29', 'Married', 'Facebook', '6750', 'N'),
	('2020-02-11', '58', 'Female', '46', 'Married', 'X', '279', 'N'),
	('2020-02-11', '57', 'Female', '25', 'Single', 'Facebook', '1029', 'N'),
	('2020-02-12', '26', 'Male', '36', 'Single', 'Instagram', '8850', 'N'),
	('2020-02-14', '111', 'Female', '32', 'Single', 'Instagram', '3580', 'N'),
	('2020-02-14', '84', 'Male', '39', 'Single', 'Facebook', '6461', 'Y'),
	('2020-02-15', '87', 'Female', '55', 'Divorced', 'X', '120', 'Y'),
	('2020-02-15', '22', 'Female', '35', 'Married', 'Tiktok', '4560', 'N'),
	('2020-02-15', '72', 'Female', '25', 'Divorced', 'Tiktok', '2001', 'Y'),
	('2020-02-15', '102', 'Female', '39', 'Married', 'Instagram', '7656', 'N'),
	('2020-02-16', '10', 'Male', '20', 'Single', 'Instagram', '1980', 'N'),
	('2020-02-16', '32', 'Male', '17', 'Single', 'Instagram', '1404', 'N'),
	('2020-02-16', '52', 'Female', '55', 'Married', 'Tiktok', '257', 'Y'),
	('2020-02-16', '55', 'Male', '25', 'Married', 'Tiktok', '10776', 'N'),
	('2020-02-16', '107', 'Male', '39', 'Married', 'Instagram', '9230', 'N'),
	('2020-02-16', '97', 'Male', '26', 'Married', 'Facebook', '5292', 'Y'),
	('2020-02-16', '69', 'Female', '22', 'Single', 'Facebook', '1920', 'Y'),
	('2020-02-16', '99', 'Male', '23', 'Single', 'Facebook', '472', 'Y'),
	('2020-02-16', '96', 'Male', '49', 'Single', 'Facebook', '139', 'N'),
	('2020-02-17', '51', 'Male', '20', 'Single', 'Tiktok', '8220', 'Y'),
	('2020-02-19', '56', 'Female', '53', 'Single', 'Tiktok', '31', 'N'),
	('2020-02-19', '67', 'Female', '36', 'Divorced', 'Tiktok', '4592', 'N'),
	('2020-02-19', '90', 'Female', '41', 'Single', 'X', '289', 'N'),
	('2020-02-19', '70', 'Female', '54', 'Single', 'Instagram', '257', 'N'),
	('2020-02-19', '95', 'Female', '52', 'Married', 'Tiktok', '363', 'N'),
	('2020-02-19', '22', 'Male', '54', 'Single', 'Instagram', '154', 'N'),
	('2020-02-20', '1', 'Female', '18', 'Single', 'X', '4769', 'N'),
	('2020-02-20', '116', 'Male', '37', 'Married', 'Facebook', '490', 'N'),
	('2020-02-20', '32', 'Male', '18', 'Single', 'Instagram', '12480', 'Y'),
	('2020-02-20', '5', 'Female', '51', 'Single', 'Instagram', '386', 'Y'),
	('2020-02-21', '30', 'Male', '40', 'Married', 'Facebook', '6045', 'N'),
	('2020-02-21', '115', 'Female', '55', 'Single', 'Facebook', '400', 'N'),
	('2020-02-21', '89', 'Female', '28', 'Single', 'Tiktok', '6808', 'N'),
	('2020-02-22', '36', 'Female', '44', 'Married', 'X', '75', 'N'),
	('2020-02-23', '21', 'Female', '50', 'Single', 'X', '171', 'Y'),
	('2020-02-23', '40', 'Male', '51', 'Single', 'Instagram', '262', 'N'),
	('2020-02-25', '72', 'Male', '33', 'Divorced', 'Facebook', '1022', 'Y'),
	('2020-02-25', '102', 'Male', '49', 'Married', 'Instagram', '375', 'Y'),
	('2020-02-25', '44', 'Male', '54', 'Married', 'Instagram', '91', 'N'),
	('2020-02-25', '58', 'Female', '51', 'Divorced', 'Tiktok', '147', 'Y'),
	('2020-02-26', '30', 'Male', '35', 'Single', 'Instagram', '3743', 'N'),
	('2020-02-28', '20', 'Female', '48', 'Single', 'Instagram', '236', 'N'),
	('2020-03-01', '63', 'Male', '19', 'Single', 'Tiktok', '5456', 'N'),
	('2020-03-02', '42', 'Female', '24', 'Divorced', 'Tiktok', '10422', 'Y'),
	('2020-03-02', '31', 'Female', '26', 'Married', 'Instagram', '888', 'N'),
	('2020-03-02', '15', 'Female', '54', 'Single', 'Facebook', '111', 'N'),
	('2020-03-03', '94', 'Female', '15', 'Single', 'Tiktok', '952', 'N'),
	('2020-03-03', '123', 'Female', '22', 'Single', 'X', '450', 'N'),
	('2020-03-04', '57', 'Female', '35', 'Divorced', 'Instagram', '3587', 'N'),
	('2020-03-04', '59', 'Male', '30', 'Married', 'X', '8725', 'Y'),
	('2020-03-04', '56', 'Male', '16', 'Single', 'Tiktok', '12528', 'N'),
	('2020-03-05', '69', 'Female', '23', 'Single', 'X', '6400', 'N'),
	('2020-03-06', '108', 'Female', '52', 'Single', 'Tiktok', '383', 'N'),
	('2020-03-06', '60', 'Female', '28', 'Single', 'Tiktok', '2610', 'N'),
	('2020-03-06', '33', 'Female', '32', 'Married', 'Instagram', '1316', 'Y'),
	('2020-03-06', '98', 'Female', '23', 'Single', 'Tiktok', '8873', 'N'),
	('2020-03-06', '63', 'Male', '42', 'Single', 'Tiktok', '225', 'Y'),
	('2020-03-06', '87', 'Male', '54', 'Married', 'Instagram', '34', 'N'),
	('2020-03-06', '3', 'Female', '19', 'Single', 'X', '2115', 'N'),
	('2020-03-06', '65', 'Female', '16', 'Single', 'Tiktok', '11206', 'N'),
	('2020-03-06', '104', 'Female', '23', 'Single', 'Instagram', '1512', 'Y'),
	('2020-03-06', '75', 'Male', '43', 'Single', 'Tiktok', '351', 'Y'),
	('2020-03-06', '28', 'Male', '46', 'Single', 'Instagram', '209', 'N'),
	('2020-03-06', '88', 'Male', '39', 'Divorced', 'Facebook', '3120', 'N'),
	('2020-03-06', '35', 'Female', '15', 'Single', 'Tiktok', '914', 'N'),
	('2020-03-08', '110', 'Male', '29', 'Single', 'Facebook', '3255', 'Y'),
	('2020-03-09', '80', 'Female', '51', 'Single', 'X', '117', 'Y'),
	('2020-03-09', '51', 'Female', '32', 'Married', 'Tiktok', '6233', 'N'),
	('2020-03-11', '17', 'Female', '39', 'Single', 'Instagram', '591', 'N'),
	('2020-03-12', '13', 'Male', '27', 'Married', 'Instagram', '4592', 'N'),
	('2020-03-12', '39', 'Female', '34', 'Divorced', 'Facebook', '1139', 'Y'),
	('2020-03-12', '33', 'Female', '55', 'Single', 'X', '140', 'Y'),
	('2020-03-14', '51', 'Male', '23', 'Single', 'Tiktok', '12628', 'Y'),
	('2020-03-14', '80', 'Male', '35', 'Married', 'Instagram', '8188', 'N'),
	('2020-03-14', '56', 'Female', '29', 'Single', 'Facebook', '4266', 'N'),
	('2020-03-14', '120', 'Male', '53', 'Married', 'Tiktok', '173', 'Y'),
	('2020-03-14', '65', 'Female', '52', 'Married', 'Tiktok', '337', 'Y'),
	('2020-03-15', '116', 'Male', '40', 'Single', 'Instagram', '5181', 'Y'),
	('2020-03-16', '41', 'Female', '15', 'Single', 'Tiktok', '1692', 'N'),
	('2020-03-16', '76', 'Male', '49', 'Married', 'Tiktok', '338', 'N'),
	('2020-03-16', '33', 'Female', '19', 'Single', 'Facebook', '2568', 'Y'),
	('2020-03-16', '59', 'Male', '22', 'Single', 'X', '2075', 'Y'),
	('2020-03-16', '60', 'Male', '55', 'Married', 'Tiktok', '374', 'N'),
	('2020-03-16', '19', 'Female', '51', 'Married', 'Facebook', '312', 'Y'),
	('2020-03-17', '76', 'Female', '30', 'Married', 'Instagram', '1416', 'Y'),
	('2020-03-17', '52', 'Female', '41', 'Single', 'Facebook', '344', 'Y'),
	('2020-03-17', '16', 'Male', '30', 'Single', 'Instagram', '665', 'N'),
	('2020-03-19', '22', 'Female', '29', 'Married', 'Tiktok', '4060', 'N'),
	('2020-03-19', '22', 'Female', '42', 'Divorced', 'Tiktok', '50', 'N'),
	('2020-03-19', '45', 'Male', '22', 'Single', 'Tiktok', '906', 'Y'),
	('2020-03-20', '14', 'Male', '42', 'Married', 'X', '354', 'N'),
	('2020-03-21', '78', 'Female', '39', 'Married', 'Tiktok', '11472', 'Y'),
	('2020-03-21', '88', 'Male', '54', 'Single', 'X', '120', 'N'),
	('2020-03-21', '68', 'Male', '15', 'Single', 'Tiktok', '2783', 'Y'),
	('2020-03-21', '47', 'Female', '22', 'Single', 'Tiktok', '2310', 'N'),
	('2020-03-21', '51', 'Male', '26', 'Married', 'Tiktok', '474', 'N'),
	('2020-03-21', '109', 'Female', '41', 'Married', 'Tiktok', '298', 'N'),
	('2020-03-21', '42', 'Male', '47', 'Single', 'Instagram', '397', 'N'),
	('2020-03-21', '22', 'Female', '47', 'Married', 'X', '75', 'N'),
	('2020-03-21', '52', 'Male', '43', 'Divorced', 'X', '91', 'N'),
	('2020-03-21', '87', 'Male', '45', 'Single', 'Instagram', '147', 'Y'),
	('2020-03-21', '25', 'Male', '48', 'Married', 'X', '174', 'N'),
	('2020-03-21', '64', 'Male', '31', 'Divorced', 'Instagram', '2755', 'N'),
	('2020-03-23', '118', 'Female', '40', 'Single', 'Instagram', '6920', 'Y'),
	('2020-03-23', '84', 'Male', '25', 'Married', 'Instagram', '1545', 'Y'),
	('2020-03-23', '87', 'Male', '21', 'Single', 'Tiktok', '3979', 'Y'),
	('2020-03-24', '16', 'Female', '29', 'Married', 'Instagram', '9156', 'N'),
	('2020-03-24', '50', 'Female', '26', 'Single', 'Tiktok', '678', 'N'),
	('2020-03-26', '79', 'Female', '45', 'Married', 'X', '43', 'N'),
	('2020-03-27', '26', 'Male', '33', 'Married', 'Instagram', '3410', 'Y'),
	('2020-03-27', '33', 'Female', '34', 'Married', 'Tiktok', '4818', 'N'),
	('2020-03-27', '40', 'Male', '33', 'Single', 'Instagram', '11076', 'N'),
	('2020-03-27', '103', 'Male', '34', 'Married', 'Tiktok', '2210', 'N'),
	('2020-03-27', '29', 'Male', '44', 'Married', 'Instagram', '291', 'Y'),
	('2020-03-28', '89', 'Female', '31', 'Single', 'Tiktok', '4880', 'Y'),
	('2020-03-30', '47', 'Female', '55', 'Divorced', 'Instagram', '396', 'N'),
	('2020-03-31', '33', 'Male', '46', 'Single', 'Instagram', '208', 'N'),
	('2020-04-01', '3', 'Female', '49', 'Married', 'Tiktok', '154', 'Y'),
	('2020-04-01', '6', 'Female', '43', 'Married', 'Facebook', '329', 'N'),
	('2020-04-02', '26', 'Female', '50', 'Married', 'X', '291', 'N'),
	('2020-04-02', '58', 'Male', '37', 'Married', 'X', '148', 'N'),
	('2020-04-02', '24', 'Male', '25', 'Single', 'Tiktok', '2723', 'N'),
	('2020-04-02', '58', 'Male', '49', 'Single', 'Facebook', '351', 'N'),
	('2020-04-02', '42', 'Male', '18', 'Single', 'Instagram', '2980', 'N'),
	('2020-04-02', '120', 'Female', '24', 'Single', 'Tiktok', '6705', 'N'),
	('2020-04-02', '58', 'Female', '23', 'Single', 'X', '6345', 'N'),
	('2020-04-02', '17', 'Female', '21', 'Single', 'Facebook', '1305', 'N'),
	('2020-04-02', '30', 'Male', '43', 'Single', 'Instagram', '275', 'N'),
	('2020-04-02', '27', 'Male', '52', 'Divorced', 'X', '239', 'N'),
	('2020-04-02', '43', 'Female', '39', 'Single', 'X', '4906', 'N'),
	('2020-04-02', '39', 'Female', '23', 'Single', 'Instagram', '5746', 'N'),
	('2020-04-03', '54', 'Male', '55', 'Single', 'Tiktok', '215', 'Y'),
	('2020-04-03', '65', 'Male', '42', 'Single', 'Tiktok', '315', 'N'),
	('2020-04-03', '83', 'Female', '17', 'Single', 'Instagram', '3380', 'N'),
	('2020-04-03', '52', 'Male', '47', 'Married', 'Instagram', '373', 'N'),
	('2020-04-03', '55', 'Male', '16', 'Single', 'X', '3680', 'N'),
	('2020-04-03', '88', 'Male', '18', 'Single', 'Tiktok', '2366', 'N'),
	('2020-04-03', '47', 'Male', '41', 'Single', 'Tiktok', '21', 'N'),
	('2020-04-04', '78', 'Male', '53', 'Married', 'Instagram', '264', 'N'),
	('2020-04-04', '30', 'Male', '48', 'Single', 'Instagram', '102', 'N'),
	('2020-04-04', '7', 'Female', '45', 'Divorced', 'Instagram', '368', 'N'),
	('2020-04-04', '22', 'Female', '36', 'Divorced', 'Instagram', '3335', 'N'),
	('2020-04-04', '33', 'Male', '40', 'Divorced', 'Instagram', '1056', 'N'),
	('2020-04-05', '75', 'Female', '25', 'Divorced', 'Tiktok', '8970', 'Y'),
	('2020-04-06', '97', 'Female', '46', 'Married', 'Instagram', '115', 'N'),
	('2020-04-07', '113', 'Male', '19', 'Single', 'X', '1500', 'Y'),
	('2020-04-07', '27', 'Female', '44', 'Married', 'Tiktok', '368', 'Y'),
	('2020-04-07', '89', 'Female', '22', 'Single', 'Instagram', '6534', 'N'),
	('2020-04-09', '66', 'Male', '55', 'Married', 'Instagram', '70', 'N'),
	('2020-04-10', '94', 'Male', '41', 'Married', 'Tiktok', '273', 'N'),
	('2020-04-10', '36', 'Male', '15', 'Single', 'Tiktok', '570', 'Y'),
	('2020-04-10', '8', 'Male', '42', 'Married', 'Tiktok', '351', 'N'),
	('2020-04-11', '87', 'Female', '26', 'Married', 'X', '812', 'N'),
	('2020-04-11', '101', 'Male', '39', 'Married', 'Tiktok', '1936', 'Y'),
	('2020-04-11', '44', 'Male', '37', 'Married', 'Tiktok', '1600', 'Y'),
	('2020-04-11', '2', 'Female', '38', 'Married', 'X', '3692', 'Y'),
	('2020-04-11', '76', 'Female', '33', 'Single', 'Tiktok', '6735', 'N'),
	('2020-04-11', '108', 'Female', '24', 'Married', 'X', '927', 'N'),
	('2020-04-12', '46', 'Female', '20', 'Single', 'Facebook', '984', 'N'),
	('2020-04-12', '70', 'Male', '35', 'Divorced', 'Instagram', '5772', 'N'),
	('2020-04-14', '53', 'Female', '29', 'Divorced', 'X', '7112', 'N'),
	('2020-04-16', '13', 'Male', '34', 'Divorced', 'Instagram', '2268', 'N'),
	('2020-04-16', '56', 'Male', '23', 'Single', 'Facebook', '4215', 'N'),
	('2020-04-16', '59', 'Male', '47', 'Divorced', 'X', '287', 'Y'),
	('2020-04-16', '51', 'Female', '33', 'Married', 'X', '11184', 'Y'),
	('2020-04-16', '122', 'Male', '33', 'Married', 'Instagram', '1930', 'N'),
	('2020-04-17', '62', 'Female', '36', 'Divorced', 'Tiktok', '4608', 'Y'),
	('2020-04-17', '1', 'Female', '38', 'Married', 'Tiktok', '10411', 'N'),
	('2020-04-17', '90', 'Female', '51', 'Single', 'Facebook', '224', 'Y'),
	('2020-04-17', '36', 'Female', '17', 'Single', 'Facebook', '1386', 'N'),
	('2020-04-17', '34', 'Female', '27', 'Divorced', 'Instagram', '1584', 'N'),
	('2020-04-19', '95', 'Female', '28', 'Single', 'Instagram', '3090', 'N'),
	('2020-04-19', '75', 'Female', '54', 'Married', 'Tiktok', '234', 'N'),
	('2020-04-19', '72', 'Male', '30', 'Single', 'X', '2436', 'Y'),
	('2020-04-19', '112', 'Male', '27', 'Married', 'X', '3796', 'N'),
	('2020-04-21', '44', 'Male', '48', 'Married', 'Tiktok', '88', 'N'),
	('2020-04-21', '47', 'Female', '21', 'Single', 'Tiktok', '4004', 'N'),
	('2020-04-21', '45', 'Male', '49', 'Single', 'Tiktok', '385', 'N'),
	('2020-04-21', '83', 'Male', '20', 'Single', 'Tiktok', '11408', 'Y'),
	('2020-04-21', '95', 'Female', '45', 'Single', 'Instagram', '38', 'Y'),
	('2020-04-21', '92', 'Female', '53', 'Married', 'Tiktok', '21', 'Y'),
	('2020-04-22', '20', 'Female', '44', 'Divorced', 'Instagram', '104', 'N'),
	('2020-04-22', '68', 'Male', '38', 'Married', 'Tiktok', '375', 'Y'),
	('2020-04-22', '83', 'Male', '42', 'Single', 'X', '163', 'Y'),
	('2020-04-24', '113', 'Male', '18', 'Single', 'Tiktok', '4416', 'Y'),
	('2020-04-24', '94', 'Male', '43', 'Married', 'Facebook', '148', 'Y'),
	('2020-04-25', '57', 'Male', '28', 'Single', 'Instagram', '3510', 'Y'),
	('2020-04-26', '92', 'Male', '49', 'Single', 'X', '307', 'N'),
	('2020-04-26', '60', 'Female', '24', 'Single', 'X', '6664', 'N'),
	('2020-04-26', '46', 'Female', '32', 'Single', 'X', '2096', 'N'),
	('2020-04-26', '104', 'Female', '15', 'Single', 'Instagram', '1077', 'N'),
	('2020-04-27', '50', 'Female', '19', 'Single', 'Facebook', '3156', 'N'),
	('2020-04-28', '24', 'Male', '32', 'Divorced', 'Facebook', '2106', 'Y'),
	('2020-04-29', '39', 'Male', '29', 'Married', 'Instagram', '12662', 'N'),
	('2020-04-29', '47', 'Female', '34', 'Single', 'Tiktok', '6944', 'N'),
	('2020-04-29', '55', 'Male', '50', 'Married', 'Instagram', '342', 'N'),
	('2020-04-29', '15', 'Male', '53', 'Single', 'Tiktok', '286', 'N'),
	('2020-04-30', '18', 'Male', '51', 'Single', 'Tiktok', '235', 'Y'),
	('2020-05-01', '31', 'Female', '54', 'Single', 'Tiktok', '105', 'N'),
	('2020-05-01', '79', 'Male', '54', 'Single', 'Facebook', '370', 'Y'),
	('2020-05-01', '34', 'Female', '19', 'Single', 'Instagram', '4620', 'N'),
	('2020-05-02', '70', 'Male', '22', 'Single', 'Instagram', '13020', 'N'),
	('2020-05-03', '91', 'Male', '53', 'Divorced', 'Tiktok', '271', 'N'),
	('2020-05-03', '93', 'Female', '42', 'Single', 'Facebook', '83', 'N'),
	('2020-05-03', '116', 'Male', '54', 'Single', 'Tiktok', '174', 'N'),
	('2020-05-05', '13', 'Female', '36', 'Single', 'Tiktok', '9800', 'Y'),
	('2020-05-05', '23', 'Male', '42', 'Married', 'Instagram', '166', 'Y'),
	('2020-05-05', '57', 'Female', '48', 'Divorced', 'Instagram', '137', 'N'),
	('2020-05-05', '46', 'Female', '55', 'Single', 'X', '116', 'Y'),
	('2020-05-07', '91', 'Female', '36', 'Divorced', 'Facebook', '5642', 'Y'),
	('2020-05-08', '116', 'Female', '17', 'Single', 'X', '491', 'N'),
	('2020-05-08', '83', 'Female', '52', 'Married', 'Instagram', '152', 'Y'),
	('2020-05-08', '104', 'Male', '21', 'Single', 'Facebook', '5418', 'N'),
	('2020-05-09', '78', 'Male', '17', 'Single', 'Tiktok', '1356', 'N'),
	('2020-05-09', '114', 'Female', '15', 'Single', 'Facebook', '999', 'Y'),
	('2020-05-09', '47', 'Male', '28', 'Divorced', 'X', '4565', 'N'),
	('2020-05-11', '100', 'Male', '41', 'Divorced', 'Facebook', '39', 'N'),
	('2020-05-11', '78', 'Female', '21', 'Single', 'Facebook', '5208', 'Y'),
	('2020-05-11', '116', 'Male', '53', 'Married', 'Tiktok', '300', 'N'),
	('2020-05-12', '16', 'Male', '22', 'Single', 'Tiktok', '4278', 'Y'),
	('2020-05-13', '105', 'Female', '28', 'Single', 'X', '3332', 'N'),
	('2020-05-14', '5', 'Female', '52', 'Single', 'Facebook', '47', 'N'),
	('2020-05-14', '108', 'Male', '42', 'Single', 'Instagram', '203', 'N'),
	('2020-05-14', '113', 'Male', '47', 'Married', 'X', '190', 'N'),
	('2020-05-14', '65', 'Male', '48', 'Single', 'X', '344', 'N'),
	('2020-05-14', '120', 'Male', '31', 'Single', 'Tiktok', '3234', 'N'),
	('2020-05-16', '98', 'Male', '15', 'Single', 'Facebook', '1916', 'N'),
	('2020-05-18', '79', 'Male', '40', 'Married', 'Facebook', '2640', 'Y'),
	('2020-05-18', '80', 'Female', '52', 'Single', 'Tiktok', '73', 'Y'),
	('2020-05-18', '3', 'Female', '47', 'Divorced', 'X', '252', 'N'),
	('2020-05-18', '7', 'Female', '39', 'Married', 'Instagram', '1455', 'N'),
	('2020-05-18', '113', 'Female', '51', 'Single', 'Instagram', '297', 'N'),
	('2020-05-20', '96', 'Female', '46', 'Single', 'Instagram', '56', 'Y'),
	('2020-05-20', '69', 'Female', '22', 'Single', 'Instagram', '9108', 'N'),
	('2020-05-20', '6', 'Male', '33', 'Single', 'X', '1620', 'N'),
	('2020-05-20', '70', 'Female', '37', 'Single', 'Tiktok', '2331', 'N'),
	('2020-05-20', '104', 'Female', '53', 'Married', 'Tiktok', '299', 'N'),
	('2020-05-20', '62', 'Male', '17', 'Single', 'Tiktok', '2100', 'N'),
	('2020-05-20', '60', 'Male', '24', 'Married', 'Instagram', '8531', 'N'),
	('2020-05-20', '71', 'Male', '35', 'Single', 'Facebook', '1465', 'Y'),
	('2020-05-20', '94', 'Female', '50', 'Divorced', 'Tiktok', '347', 'Y'),
	('2020-05-20', '100', 'Female', '15', 'Single', 'X', '3876', 'N'),
	('2020-05-21', '21', 'Male', '30', 'Divorced', 'Facebook', '1152', 'N'),
	('2020-05-21', '89', 'Female', '49', 'Single', 'X', '214', 'Y'),
	('2020-05-21', '114', 'Male', '17', 'Single', 'X', '8764', 'N'),
	('2020-05-21', '31', 'Female', '20', 'Single', 'Facebook', '2070', 'N'),
	('2020-05-22', '78', 'Female', '44', 'Divorced', 'Instagram', '118', 'Y'),
	('2020-05-22', '37', 'Female', '36', 'Married', 'Tiktok', '7072', 'N'),
	('2020-05-22', '114', 'Male', '34', 'Single', 'X', '265', 'N'),
	('2020-05-24', '112', 'Female', '27', 'Divorced', 'Tiktok', '5460', 'N'),
	('2020-05-25', '10', 'Male', '19', 'Single', 'Tiktok', '900', 'Y'),
	('2020-05-25', '36', 'Female', '26', 'Single', 'Tiktok', '471', 'Y'),
	('2020-05-25', '8', 'Male', '20', 'Single', 'Facebook', '3120', 'Y'),
	('2020-05-25', '17', 'Female', '42', 'Single', 'X', '119', 'N'),
	('2020-05-25', '75', 'Male', '41', 'Divorced', 'Instagram', '352', 'Y'),
	('2020-05-25', '51', 'Female', '36', 'Married', 'Tiktok', '11975', 'N'),
	('2020-05-25', '60', 'Male', '45', 'Divorced', 'Tiktok', '337', 'N'),
	('2020-05-26', '47', 'Female', '19', 'Single', 'Tiktok', '246', 'N'),
	('2020-05-27', '51', 'Female', '22', 'Single', 'Tiktok', '2574', 'N'),
	('2020-05-27', '68', 'Male', '41', 'Single', 'X', '361', 'N'),
	('2020-05-27', '106', 'Female', '54', 'Married', 'Facebook', '319', 'Y'),
	('2020-05-27', '58', 'Female', '51', 'Married', 'Tiktok', '41', 'N'),
	('2020-05-27', '3', 'Male', '40', 'Married', 'Tiktok', '5565', 'N'),
	('2020-05-27', '86', 'Female', '42', 'Married', 'X', '167', 'N'),
	('2020-05-29', '42', 'Female', '52', 'Single', 'Instagram', '252', 'Y'),
	('2020-05-29', '108', 'Male', '47', 'Married', 'Instagram', '349', 'N'),
	('2020-05-29', '118', 'Female', '18', 'Single', 'X', '9200', 'N'),
	('2020-05-29', '79', 'Female', '15', 'Single', 'Instagram', '6350', 'Y'),
	('2020-05-29', '87', 'Female', '29', 'Divorced', 'Facebook', '5148', 'Y'),
	('2020-05-29', '62', 'Female', '27', 'Married', 'Instagram', '1304', 'N'),
	('2020-05-30', '17', 'Female', '49', 'Single', 'X', '57', 'N'),
	('2020-05-31', '122', 'Female', '25', 'Single', 'X', '2576', 'Y'),
	('2020-05-31', '61', 'Male', '16', 'Single', 'Tiktok', '3450', 'N'),
	('2020-06-01', '113', 'Male', '22', 'Single', 'X', '2415', 'Y'),
	('2020-06-03', '84', 'Female', '25', 'Married', 'Facebook', '8460', 'Y'),
	('2020-06-03', '78', 'Male', '38', 'Married', 'X', '66', 'N'),
	('2020-06-04', '36', 'Female', '38', 'Divorced', 'X', '4688', 'N'),
	('2020-06-04', '15', 'Female', '23', 'Single', 'Instagram', '1530', 'N'),
	('2020-06-04', '20', 'Male', '45', 'Married', 'Facebook', '300', 'N'),
	('2020-06-04', '81', 'Female', '24', 'Single', 'Facebook', '2664', 'N'),
	('2020-06-04', '8', 'Male', '36', 'Married', 'Facebook', '2884', 'N'),
	('2020-06-04', '65', 'Female', '54', 'Married', 'X', '107', 'N'),
	('2020-06-05', '39', 'Female', '45', 'Single', 'Tiktok', '85', 'N'),
	('2020-06-06', '71', 'Male', '20', 'Single', 'Tiktok', '1100', 'N'),
	('2020-06-06', '63', 'Male', '15', 'Single', 'Tiktok', '10476', 'N'),
	('2020-06-08', '23', 'Female', '26', 'Married', 'X', '3052', 'N'),
	('2020-06-08', '115', 'Female', '47', 'Married', 'Tiktok', '388', 'Y'),
	('2020-06-08', '118', 'Female', '53', 'Married', 'Tiktok', '130', 'N'),
	('2020-06-09', '52', 'Female', '43', 'Single', 'X', '367', 'N'),
	('2020-06-09', '118', 'Male', '52', 'Single', 'Instagram', '109', 'N'),
	('2020-06-09', '92', 'Female', '28', 'Single', 'Facebook', '4017', 'Y'),
	('2020-06-09', '80', 'Female', '42', 'Married', 'Tiktok', '61', 'N'),
	('2020-06-10', '16', 'Male', '27', 'Married', 'Tiktok', '1526', 'Y'),
	('2020-06-11', '29', 'Male', '31', 'Single', 'X', '1180', 'Y'),
	('2020-06-13', '5', 'Male', '21', 'Single', 'X', '5457', 'N'),
	('2020-06-13', '104', 'Female', '21', 'Single', 'Instagram', '5473', 'N'),
	('2020-06-14', '115', 'Male', '40', 'Single', 'Instagram', '576', 'Y'),
	('2020-06-15', '61', 'Male', '37', 'Married', 'Facebook', '74', 'Y'),
	('2020-06-16', '86', 'Male', '19', 'Single', 'Facebook', '5952', 'N'),
	('2020-06-16', '65', 'Male', '33', 'Single', 'Tiktok', '334', 'Y'),
	('2020-06-18', '4', 'Female', '40', 'Married', 'Tiktok', '1692', 'N'),
	('2020-06-19', '5', 'Male', '35', 'Single', 'Tiktok', '2700', 'N'),
	('2020-06-21', '10', 'Male', '27', 'Married', 'X', '4298', 'N'),
	('2020-06-22', '105', 'Female', '37', 'Divorced', 'Instagram', '11286', 'N'),
	('2020-06-22', '65', 'Male', '23', 'Single', 'Tiktok', '118', 'N'),
	('2020-06-22', '93', 'Female', '40', 'Married', 'Tiktok', '4896', 'Y'),
	('2020-06-23', '109', 'Male', '31', 'Married', 'Facebook', '2291', 'Y'),
	('2020-06-23', '33', 'Male', '46', 'Single', 'Tiktok', '105', 'N'),
	('2020-06-24', '48', 'Male', '17', 'Single', 'Facebook', '3255', 'Y'),
	('2020-06-24', '39', 'Male', '40', 'Single', 'Tiktok', '4825', 'N'),
	('2020-06-24', '27', 'Female', '36', 'Married', 'Tiktok', '1400', 'Y'),
	('2020-06-24', '23', 'Female', '17', 'Single', 'Tiktok', '2310', 'Y'),
	('2020-06-25', '44', 'Female', '32', 'Single', 'Instagram', '5328', 'N'),
	('2020-06-25', '23', 'Male', '24', 'Married', 'Instagram', '240', 'Y'),
	('2020-06-26', '13', 'Female', '41', 'Single', 'Facebook', '147', 'N'),
	('2020-06-27', '94', 'Male', '36', 'Married', 'Tiktok', '2835', 'Y'),
	('2020-06-28', '88', 'Male', '25', 'Single', 'Facebook', '2090', 'Y'),
	('2020-06-29', '75', 'Male', '47', 'Married', 'Facebook', '291', 'Y'),
	('2020-06-29', '100', 'Female', '38', 'Married', 'X', '6498', 'Y'),
	('2020-06-29', '69', 'Female', '21', 'Single', 'X', '4756', 'N'),
	('2020-06-30', '32', 'Male', '49', 'Divorced', 'X', '111', 'N'),
	('2020-06-30', '77', 'Female', '48', 'Single', 'Facebook', '346', 'N'),
	('2020-07-02', '75', 'Female', '20', 'Single', 'Instagram', '2208', 'N'),
	('2020-07-03', '28', 'Male', '38', 'Single', 'Instagram', '1848', 'N'),
	('2020-07-03', '6', 'Female', '39', 'Divorced', 'Tiktok', '2244', 'N'),
	('2020-07-03', '112', 'Male', '47', 'Married', 'Facebook', '277', 'N'),
	('2020-07-03', '112', 'Male', '31', 'Single', 'Facebook', '5291', 'Y'),
	('2020-07-03', '37', 'Female', '43', 'Divorced', 'Instagram', '260', 'Y'),
	('2020-07-05', '85', 'Male', '52', 'Single', 'Instagram', '313', 'Y'),
	('2020-07-06', '57', 'Male', '26', 'Single', 'X', '3419', 'Y'),
	('2020-07-06', '111', 'Female', '43', 'Single', 'X', '54', 'N'),
	('2020-07-06', '21', 'Male', '42', 'Single', 'X', '84', 'Y'),
	('2020-07-08', '34', 'Female', '36', 'Married', 'Instagram', '7024', 'N'),
	('2020-07-08', '1', 'Male', '40', 'Married', 'Facebook', '3472', 'N'),
	('2020-07-08', '110', 'Male', '31', 'Single', 'Instagram', '5264', 'N'),
	('2020-07-09', '35', 'Male', '23', 'Single', 'Facebook', '13020', 'N'),
	('2020-07-09', '41', 'Male', '18', 'Single', 'Facebook', '12000', 'N'),
	('2020-07-09', '119', 'Male', '46', 'Single', 'Instagram', '346', 'Y'),
	('2020-07-11', '58', 'Female', '27', 'Married', 'Instagram', '2184', 'Y'),
	('2020-07-11', '103', 'Male', '44', 'Single', 'X', '191', 'Y'),
	('2020-07-12', '60', 'Female', '24', 'Single', 'Instagram', '4350', 'N'),
	('2020-07-12', '24', 'Female', '41', 'Married', 'Instagram', '145', 'Y'),
	('2020-07-12', '110', 'Female', '40', 'Married', 'Instagram', '4564', 'N'),
	('2020-07-12', '57', 'Male', '44', 'Married', 'X', '202', 'Y'),
	('2020-07-12', '7', 'Female', '45', 'Single', 'X', '108', 'N'),
	('2020-07-12', '66', 'Female', '51', 'Married', 'Tiktok', '263', 'N'),
	('2020-07-14', '47', 'Male', '47', 'Married', 'Instagram', '130', 'N'),
	('2020-07-15', '22', 'Male', '23', 'Single', 'Facebook', '693', 'N'),
	('2020-07-15', '52', 'Male', '40', 'Single', 'Tiktok', '4200', 'N'),
	('2020-07-15', '123', 'Male', '47', 'Married', 'Facebook', '146', 'Y'),
	('2020-07-15', '49', 'Female', '50', 'Married', 'Facebook', '156', 'Y'),
	('2020-07-15', '37', 'Female', '29', 'Married', 'Instagram', '5094', 'N'),
	('2020-07-17', '17', 'Male', '17', 'Single', 'X', '1520', 'Y'),
	('2020-07-18', '44', 'Male', '38', 'Married', 'Instagram', '3402', 'Y'),
	('2020-07-18', '53', 'Male', '49', 'Married', 'Tiktok', '42', 'N'),
	('2020-07-18', '115', 'Male', '44', 'Married', 'Tiktok', '23', 'Y'),
	('2020-07-18', '95', 'Female', '19', 'Single', 'Instagram', '11825', 'N'),
	('2020-07-19', '66', 'Male', '53', 'Married', 'Tiktok', '278', 'N'),
	('2020-07-19', '59', 'Male', '27', 'Married', 'Instagram', '8775', 'N'),
	('2020-07-19', '123', 'Male', '33', 'Single', 'Facebook', '666', 'N'),
	('2020-07-20', '92', 'Male', '45', 'Married', 'Instagram', '249', 'Y'),
	('2020-07-20', '27', 'Male', '22', 'Single', 'Tiktok', '417', 'Y'),
	('2020-07-20', '14', 'Male', '46', 'Single', 'Tiktok', '312', 'Y'),
	('2020-07-22', '52', 'Male', '51', 'Divorced', 'Facebook', '179', 'N'),
	('2020-07-24', '80', 'Male', '44', 'Married', 'Tiktok', '356', 'N'),
	('2020-07-26', '93', 'Female', '38', 'Single', 'X', '10200', 'N'),
	('2020-07-27', '55', 'Female', '25', 'Single', 'Instagram', '4379', 'N'),
	('2020-07-28', '114', 'Male', '32', 'Single', 'X', '1384', 'N'),
	('2020-07-29', '118', 'Male', '18', 'Single', 'X', '2171', 'Y'),
	('2020-07-29', '50', 'Female', '47', 'Married', 'Facebook', '199', 'Y'),
	('2020-07-30', '109', 'Female', '45', 'Married', 'Facebook', '99', 'N'),
	('2020-07-30', '17', 'Female', '44', 'Single', 'Instagram', '377', 'Y'),
	('2020-07-31', '97', 'Male', '48', 'Divorced', 'X', '292', 'N'),
	('2020-07-31', '64', 'Female', '29', 'Married', 'X', '245', 'N'),
	('2020-07-31', '30', 'Male', '17', 'Single', 'Instagram', '4130', 'N'),
	('2020-07-31', '120', 'Female', '28', 'Single', 'X', '251', 'Y'),
	('2020-07-31', '32', 'Male', '23', 'Single', 'X', '3968', 'N'),
	('2020-07-31', '87', 'Female', '17', 'Single', 'Instagram', '181', 'Y'),
	('2020-08-01', '119', 'Female', '42', 'Single', 'X', '263', 'N'),
	('2020-08-03', '13', 'Female', '39', 'Single', 'Instagram', '3920', 'Y'),
	('2020-08-03', '82', 'Female', '46', 'Divorced', 'X', '126', 'N'),
	('2020-08-03', '2', 'Female', '36', 'Single', 'Tiktok', '7225', 'N'),
	('2020-08-03', '47', 'Female', '53', 'Single', 'Tiktok', '302', 'Y'),
	('2020-08-03', '80', 'Male', '18', 'Single', 'Tiktok', '1716', 'N'),
	('2020-08-03', '20', 'Male', '35', 'Married', 'Tiktok', '1962', 'N'),
	('2020-08-03', '36', 'Female', '44', 'Married', 'Instagram', '85', 'N'),
	('2020-08-04', '34', 'Male', '32', 'Single', 'Tiktok', '1792', 'N'),
	('2020-08-04', '12', 'Male', '21', 'Single', 'Tiktok', '6460', 'N'),
	('2020-08-05', '72', 'Female', '42', 'Married', 'X', '177', 'N'),
	('2020-08-05', '114', 'Male', '37', 'Single', 'Facebook', '433', 'Y'),
	('2020-08-07', '54', 'Male', '50', 'Married', 'Instagram', '250', 'Y'),
	('2020-08-07', '33', 'Male', '29', 'Single', 'Tiktok', '6878', 'N'),
	('2020-08-07', '74', 'Female', '23', 'Single', 'X', '6640', 'Y'),
	('2020-08-09', '72', 'Male', '17', 'Single', 'Instagram', '2538', 'N'),
	('2020-08-10', '22', 'Female', '27', 'Single', 'X', '2548', 'N'),
	('2020-08-11', '106', 'Female', '47', 'Single', 'Tiktok', '210', 'Y'),
	('2020-08-11', '80', 'Male', '54', 'Married', 'X', '340', 'N'),
	('2020-08-11', '37', 'Female', '51', 'Single', 'X', '377', 'Y'),
	('2020-08-11', '90', 'Male', '55', 'Divorced', 'Facebook', '208', 'Y'),
	('2020-08-11', '39', 'Female', '39', 'Married', 'Instagram', '3611', 'N'),
	('2020-08-11', '92', 'Male', '51', 'Married', 'Tiktok', '234', 'Y'),
	('2020-08-11', '114', 'Male', '48', 'Married', 'Instagram', '262', 'N'),
	('2020-08-13', '33', 'Female', '15', 'Single', 'Instagram', '3210', 'Y'),
	('2020-08-13', '118', 'Male', '34', 'Married', 'Instagram', '3141', 'N'),
	('2020-08-13', '25', 'Female', '31', 'Single', 'Tiktok', '8878', 'N'),
	('2020-08-13', '109', 'Male', '25', 'Single', 'X', '1570', 'N'),
	('2020-08-13', '12', 'Male', '54', 'Single', 'Facebook', '35', 'N'),
	('2020-08-13', '38', 'Male', '42', 'Married', 'Tiktok', '50', 'Y'),
	('2020-08-13', '78', 'Female', '15', 'Single', 'Instagram', '9715', 'Y'),
	('2020-08-13', '23', 'Male', '21', 'Single', 'X', '5922', 'N'),
	('2020-08-14', '77', 'Female', '30', 'Single', 'Facebook', '10368', 'Y'),
	('2020-08-14', '71', 'Male', '18', 'Single', 'Instagram', '5614', 'N'),
	('2020-08-14', '33', 'Female', '37', 'Divorced', 'Tiktok', '2317', 'N'),
	('2020-08-16', '86', 'Female', '25', 'Single', 'Facebook', '9025', 'Y'),
	('2020-08-16', '123', 'Female', '34', 'Married', 'Facebook', '12964', 'N'),
	('2020-08-16', '116', 'Female', '32', 'Married', 'Instagram', '2535', 'N'),
	('2020-08-16', '45', 'Female', '50', 'Single', 'Tiktok', '161', 'N'),
	('2020-08-16', '43', 'Male', '50', 'Single', 'Instagram', '295', 'N'),
	('2020-08-16', '78', 'Male', '22', 'Single', 'Facebook', '5456', 'N'),
	('2020-08-16', '91', 'Male', '40', 'Single', 'X', '1700', 'Y'),
	('2020-08-16', '39', 'Male', '43', 'Married', 'Instagram', '135', 'N'),
	('2020-08-17', '99', 'Female', '26', 'Married', 'X', '10584', 'N'),
	('2020-08-17', '9', 'Female', '44', 'Married', 'X', '371', 'N'),
	('2020-08-17', '67', 'Female', '33', 'Married', 'X', '1368', 'N'),
	('2020-08-17', '93', 'Female', '54', 'Single', 'X', '260', 'N'),
	('2020-08-17', '92', 'Female', '50', 'Divorced', 'Facebook', '190', 'N'),
	('2020-08-17', '70', 'Female', '30', 'Married', 'Facebook', '9400', 'N'),
	('2020-08-18', '108', 'Female', '46', 'Single', 'X', '213', 'N'),
	('2020-08-18', '59', 'Male', '46', 'Divorced', 'X', '51', 'Y'),
	('2020-08-20', '30', 'Female', '24', 'Married', 'X', '8184', 'N'),
	('2020-08-21', '69', 'Male', '21', 'Single', 'Instagram', '3000', 'N'),
	('2020-08-22', '20', 'Male', '16', 'Single', 'X', '8468', 'Y'),
	('2020-08-22', '51', 'Male', '35', 'Divorced', 'Facebook', '2070', 'Y'),
	('2020-08-22', '106', 'Male', '46', 'Married', 'Tiktok', '260', 'N'),
	('2020-08-22', '114', 'Female', '33', 'Married', 'X', '8188', 'N'),
	('2020-08-22', '111', 'Male', '44', 'Single', 'X', '372', 'N'),
	('2020-08-22', '88', 'Female', '48', 'Single', 'Tiktok', '159', 'Y'),
	('2020-08-22', '106', 'Female', '45', 'Married', 'Facebook', '193', 'N'),
	('2020-08-22', '24', 'Male', '35', 'Divorced', 'X', '3840', 'Y'),
	('2020-08-22', '49', 'Male', '42', 'Single', 'Tiktok', '25', 'N'),
	('2020-08-22', '29', 'Male', '20', 'Single', 'Instagram', '9849', 'Y'),
	('2020-08-22', '103', 'Female', '33', 'Married', 'X', '1818', 'N'),
	('2020-08-22', '106', 'Female', '46', 'Single', 'Facebook', '186', 'Y'),
	('2020-08-22', '9', 'Male', '36', 'Married', 'Tiktok', '3670', 'Y'),
	('2020-08-22', '31', 'Female', '38', 'Single', 'X', '2875', 'N'),
	('2020-08-22', '38', 'Female', '17', 'Single', 'X', '5264', 'Y'),
	('2020-08-22', '70', 'Female', '30', 'Divorced', 'Instagram', '5456', 'Y'),
	('2020-08-22', '106', 'Male', '15', 'Single', 'Facebook', '7735', 'N'),
	('2020-08-22', '24', 'Male', '53', 'Single', 'Tiktok', '61', 'N'),
	('2020-08-22', '116', 'Female', '46', 'Married', 'X', '59', 'Y'),
	('2020-08-22', '23', 'Female', '50', 'Divorced', 'Facebook', '194', 'Y'),
	('2020-08-22', '101', 'Female', '34', 'Single', 'Tiktok', '1060', 'N'),
	('2020-08-23', '74', 'Female', '54', 'Married', 'Instagram', '260', 'Y'),
	('2020-08-23', '17', 'Female', '23', 'Single', 'Tiktok', '2510', 'N'),
	('2020-08-23', '115', 'Male', '45', 'Married', 'X', '219', 'Y'),
	('2020-08-25', '73', 'Male', '29', 'Single', 'Tiktok', '13524', 'Y'),
	('2020-08-26', '75', 'Male', '48', 'Single', 'Instagram', '244', 'N'),
	('2020-08-26', '106', 'Male', '44', 'Single', 'Facebook', '236', 'N'),
	('2020-08-26', '120', 'Male', '30', 'Single', 'Instagram', '4830', 'Y'),
	('2020-08-26', '25', 'Female', '49', 'Single', 'Instagram', '137', 'Y'),
	('2020-08-26', '113', 'Female', '31', 'Married', 'Instagram', '11284', 'Y'),
	('2020-08-26', '14', 'Female', '33', 'Single', 'Facebook', '7361', 'N'),
	('2020-08-27', '14', 'Female', '34', 'Married', 'X', '5295', 'N'),
	('2020-08-27', '27', 'Female', '37', 'Single', 'Tiktok', '1876', 'Y'),
	('2020-08-27', '93', 'Female', '18', 'Single', 'Instagram', '2091', 'N'),
	('2020-08-27', '65', 'Female', '41', 'Single', 'X', '275', 'N'),
	('2020-08-27', '29', 'Male', '47', 'Divorced', 'Facebook', '108', 'N'),
	('2020-08-28', '16', 'Male', '54', 'Married', 'Facebook', '162', 'N'),
	('2020-08-30', '46', 'Male', '26', 'Single', 'Tiktok', '14940', 'N'),
	('2020-09-01', '74', 'Male', '24', 'Single', 'Tiktok', '6095', 'N'),
	('2020-09-01', '27', 'Female', '19', 'Single', 'X', '2584', 'N'),
	('2020-09-01', '112', 'Female', '17', 'Single', 'X', '2177', 'Y'),
	('2020-09-01', '86', 'Male', '29', 'Single', 'Instagram', '13392', 'N'),
	('2020-09-01', '56', 'Male', '53', 'Married', 'Instagram', '399', 'N'),
	('2020-09-01', '113', 'Male', '49', 'Married', 'Facebook', '175', 'N'),
	('2020-09-01', '95', 'Female', '36', 'Single', 'X', '4644', 'Y'),
	('2020-09-02', '8', 'Female', '27', 'Single', 'Tiktok', '7296', 'N'),
	('2020-09-02', '13', 'Female', '22', 'Single', 'Instagram', '5040', 'N'),
	('2020-09-02', '110', 'Male', '30', 'Divorced', 'Facebook', '4180', 'Y'),
	('2020-09-03', '82', 'Female', '31', 'Married', 'Instagram', '5304', 'Y'),
	('2020-09-03', '62', 'Female', '49', 'Married', 'Instagram', '335', 'N'),
	('2020-09-04', '60', 'Female', '18', 'Single', 'Tiktok', '6681', 'N'),
	('2020-09-05', '118', 'Female', '47', 'Married', 'X', '92', 'N'),
	('2020-09-07', '106', 'Female', '30', 'Married', 'X', '7192', 'N'),
	('2020-09-07', '104', 'Male', '15', 'Single', 'Tiktok', '1728', 'N'),
	('2020-09-07', '23', 'Male', '29', 'Single', 'Facebook', '1908', 'Y'),
	('2020-09-07', '41', 'Female', '20', 'Single', 'X', '2480', 'N'),
	('2020-09-07', '87', 'Female', '45', 'Married', 'Tiktok', '341', 'N'),
	('2020-09-09', '120', 'Female', '30', 'Married', 'Tiktok', '8964', 'Y'),
	('2020-09-09', '64', 'Male', '43', 'Married', 'Instagram', '388', 'N'),
	('2020-09-10', '8', 'Male', '29', 'Single', 'Instagram', '1443', 'Y'),
	('2020-09-11', '76', 'Male', '20', 'Single', 'Tiktok', '5680', 'N'),
	('2020-09-12', '34', 'Female', '45', 'Married', 'X', '275', 'N'),
	('2020-09-12', '112', 'Female', '48', 'Single', 'Facebook', '301', 'N'),
	('2020-09-13', '67', 'Male', '32', 'Married', 'X', '3680', 'N'),
	('2020-09-14', '68', 'Female', '34', 'Single', 'X', '1458', 'N'),
	('2020-09-14', '21', 'Female', '39', 'Single', 'Instagram', '7153', 'N'),
	('2020-09-14', '18', 'Male', '19', 'Single', 'Instagram', '3068', 'N'),
	('2020-09-14', '91', 'Female', '30', 'Married', 'Facebook', '9599', 'N'),
	('2020-09-14', '119', 'Male', '15', 'Single', 'Facebook', '2658', 'N'),
	('2020-09-15', '100', 'Female', '54', 'Single', 'Tiktok', '394', 'Y'),
	('2020-09-15', '101', 'Male', '32', 'Single', 'X', '6432', 'Y'),
	('2020-09-15', '82', 'Male', '45', 'Divorced', 'Facebook', '227', 'N'),
	('2020-09-16', '99', 'Female', '55', 'Single', 'Facebook', '69', 'Y'),
	('2020-09-16', '120', 'Female', '44', 'Single', 'Instagram', '257', 'N'),
	('2020-09-16', '40', 'Male', '21', 'Single', 'Instagram', '798', 'Y'),
	('2020-09-18', '27', 'Male', '33', 'Single', 'Tiktok', '2860', 'N'),
	('2020-09-18', '51', 'Male', '48', 'Married', 'Tiktok', '83', 'N'),
	('2020-09-19', '78', 'Male', '27', 'Married', 'Facebook', '2550', 'N'),
	('2020-09-19', '24', 'Female', '43', 'Divorced', 'X', '34', 'Y'),
	('2020-09-21', '63', 'Female', '44', 'Married', 'Tiktok', '362', 'Y'),
	('2020-09-22', '48', 'Female', '25', 'Married', 'X', '4950', 'N'),
	('2020-09-22', '102', 'Male', '41', 'Single', 'Facebook', '144', 'N'),
	('2020-09-23', '116', 'Female', '55', 'Married', 'X', '325', 'N'),
	('2020-09-23', '114', 'Female', '24', 'Single', 'Tiktok', '4576', 'N'),
	('2020-09-23', '80', 'Female', '18', 'Single', 'Tiktok', '4560', 'N'),
	('2020-09-23', '114', 'Male', '32', 'Married', 'Instagram', '7380', 'N'),
	('2020-09-23', '9', 'Female', '33', 'Married', 'Tiktok', '1275', 'N'),
	('2020-09-23', '73', 'Female', '55', 'Married', 'Tiktok', '97', 'N'),
	('2020-09-24', '40', 'Female', '51', 'Divorced', 'Instagram', '307', 'N'),
	('2020-09-24', '42', 'Male', '30', 'Single', 'Tiktok', '3645', 'N'),
	('2020-09-24', '75', 'Female', '30', 'Single', 'Tiktok', '1480', 'N'),
	('2020-09-24', '95', 'Female', '25', 'Single', 'Tiktok', '2034', 'Y'),
	('2020-09-24', '111', 'Female', '49', 'Married', 'X', '167', 'N'),
	('2020-09-24', '67', 'Female', '53', 'Married', 'X', '24', 'N'),
	('2020-09-24', '26', 'Male', '23', 'Single', 'Instagram', '7475', 'Y'),
	('2020-09-24', '30', 'Male', '50', 'Married', 'Facebook', '251', 'Y'),
	('2020-09-26', '92', 'Female', '28', 'Single', 'Tiktok', '3320', 'N'),
	('2020-09-26', '51', 'Female', '33', 'Single', 'Facebook', '6443', 'N'),
	('2020-09-26', '35', 'Female', '53', 'Married', 'Instagram', '64', 'N'),
	('2020-09-27', '111', 'Male', '47', 'Married', 'Instagram', '140', 'Y'),
	('2020-09-28', '80', 'Female', '45', 'Single', 'Tiktok', '129', 'N'),
	('2020-09-29', '48', 'Female', '25', 'Married', 'Facebook', '7786', 'Y'),
	('2020-09-29', '122', 'Male', '24', 'Divorced', 'Tiktok', '3078', 'N'),
	('2020-09-29', '108', 'Female', '55', 'Married', 'Facebook', '289', 'N'),
	('2020-09-30', '121', 'Male', '44', 'Married', 'Tiktok', '372', 'N'),
	('2020-10-01', '99', 'Male', '46', 'Married', 'Facebook', '113', 'N'),
	('2020-10-01', '64', 'Male', '29', 'Single', 'Instagram', '454', 'N'),
	('2020-10-01', '108', 'Female', '35', 'Divorced', 'Instagram', '8188', 'N'),
	('2020-10-03', '66', 'Female', '48', 'Married', 'Facebook', '227', 'N'),
	('2020-10-03', '17', 'Male', '35', 'Married', 'Instagram', '4563', 'N'),
	('2020-10-04', '51', 'Male', '32', 'Single', 'Tiktok', '2086', 'Y'),
	('2020-10-04', '70', 'Female', '39', 'Single', 'Tiktok', '6688', 'N'),
	('2020-10-04', '74', 'Male', '19', 'Single', 'X', '4912', 'Y'),
	('2020-10-05', '123', 'Female', '53', 'Single', 'X', '248', 'N'),
	('2020-10-05', '37', 'Male', '48', 'Single', 'Facebook', '273', 'N'),
	('2020-10-05', '33', 'Male', '54', 'Married', 'Facebook', '186', 'N'),
	('2020-10-05', '7', 'Male', '40', 'Married', 'Instagram', '11948', 'N'),
	('2020-10-05', '15', 'Female', '15', 'Single', 'Instagram', '1735', 'N'),
	('2020-10-06', '33', 'Female', '49', 'Divorced', 'Facebook', '363', 'Y'),
	('2020-10-06', '90', 'Male', '52', 'Single', 'Tiktok', '338', 'N'),
	('2020-10-06', '71', 'Male', '18', 'Single', 'X', '3346', 'N'),
	('2020-10-06', '72', 'Male', '46', 'Married', 'Instagram', '108', 'N'),
	('2020-10-06', '63', 'Male', '46', 'Single', 'Facebook', '223', 'N'),
	('2020-10-06', '7', 'Female', '44', 'Married', 'X', '359', 'Y'),
	('2020-10-06', '119', 'Female', '24', 'Married', 'Instagram', '801', 'N'),
	('2020-10-07', '69', 'Female', '52', 'Divorced', 'Facebook', '66', 'Y'),
	('2020-10-09', '8', 'Female', '44', 'Married', 'X', '334', 'Y'),
	('2020-10-09', '114', 'Male', '16', 'Single', 'Instagram', '3346', 'N'),
	('2020-10-09', '16', 'Female', '41', 'Married', 'Facebook', '75', 'N'),
	('2020-10-09', '111', 'Female', '16', 'Single', 'Tiktok', '5941', 'Y'),
	('2020-10-09', '11', 'Female', '21', 'Single', 'Facebook', '12936', 'N'),
	('2020-10-09', '43', 'Male', '37', 'Married', 'Facebook', '1044', 'N'),
	('2020-10-09', '92', 'Male', '21', 'Single', 'X', '336', 'N'),
	('2020-10-09', '13', 'Male', '47', 'Married', 'Facebook', '106', 'N'),
	('2020-10-09', '103', 'Female', '33', 'Married', 'Instagram', '4368', 'N'),
	('2020-10-09', '53', 'Female', '47', 'Single', 'Instagram', '208', 'N'),
	('2020-10-09', '100', 'Female', '24', 'Married', 'Facebook', '3927', 'N'),
	('2020-10-09', '83', 'Male', '27', 'Married', 'Tiktok', '1323', 'Y'),
	('2020-10-10', '86', 'Female', '54', 'Divorced', 'X', '27', 'Y'),
	('2020-10-10', '87', 'Male', '52', 'Single', 'Instagram', '123', 'N'),
	('2020-10-10', '30', 'Male', '25', 'Single', 'Instagram', '4137', 'N'),
	('2020-10-11', '89', 'Female', '48', 'Married', 'Instagram', '369', 'N'),
	('2020-10-11', '69', 'Male', '31', 'Married', 'Instagram', '1408', 'Y'),
	('2020-10-13', '77', 'Male', '40', 'Married', 'X', '4530', 'Y'),
	('2020-10-14', '96', 'Male', '47', 'Married', 'Facebook', '41', 'N'),
	('2020-10-14', '120', 'Female', '35', 'Divorced', 'Instagram', '1036', 'Y'),
	('2020-10-14', '45', 'Female', '51', 'Married', 'Tiktok', '279', 'Y'),
	('2020-10-14', '110', 'Female', '22', 'Single', 'Facebook', '2828', 'N'),
	('2020-10-14', '71', 'Female', '45', 'Married', 'Facebook', '264', 'Y'),
	('2020-10-14', '10', 'Female', '36', 'Divorced', 'Facebook', '288', 'Y'),
	('2020-10-14', '97', 'Male', '45', 'Married', 'Instagram', '225', 'N'),
	('2020-10-16', '121', 'Male', '47', 'Single', 'Tiktok', '269', 'Y'),
	('2020-10-17', '85', 'Female', '38', 'Single', 'Facebook', '9552', 'N'),
	('2020-10-18', '58', 'Male', '44', 'Married', 'Facebook', '37', 'N'),
	('2020-10-18', '108', 'Female', '47', 'Divorced', 'Facebook', '303', 'N'),
	('2020-10-18', '106', 'Female', '27', 'Married', 'X', '5244', 'Y'),
	('2020-10-18', '26', 'Female', '33', 'Married', 'Tiktok', '2940', 'N'),
	('2020-10-19', '16', 'Female', '38', 'Married', 'Tiktok', '828', 'N'),
	('2020-10-19', '107', 'Female', '42', 'Single', 'Instagram', '244', 'N'),
	('2020-10-19', '96', 'Male', '19', 'Single', 'Facebook', '3178', 'N'),
	('2020-10-19', '27', 'Female', '28', 'Married', 'X', '2795', 'N'),
	('2020-10-19', '93', 'Male', '51', 'Single', 'X', '293', 'Y'),
	('2020-10-19', '32', 'Female', '51', 'Married', 'X', '62', 'Y'),
	('2020-10-19', '24', 'Female', '20', 'Single', 'Instagram', '262', 'Y'),
	('2020-10-19', '29', 'Male', '53', 'Married', 'Instagram', '43', 'Y'),
	('2020-10-19', '39', 'Female', '22', 'Single', 'Facebook', '8993', 'N'),
	('2020-10-19', '44', 'Male', '26', 'Single', 'Facebook', '2667', 'Y'),
	('2020-10-20', '42', 'Male', '51', 'Divorced', 'Instagram', '174', 'N'),
	('2020-10-21', '34', 'Male', '25', 'Married', 'X', '9560', 'Y'),
	('2020-10-21', '80', 'Male', '32', 'Single', 'Tiktok', '10230', 'Y'),
	('2020-10-22', '106', 'Male', '43', 'Married', 'X', '302', 'N'),
	('2020-10-23', '16', 'Female', '42', 'Married', 'X', '393', 'N'),
	('2020-10-23', '64', 'Female', '42', 'Divorced', 'X', '38', 'Y'),
	('2020-10-23', '28', 'Female', '24', 'Married', 'Instagram', '735', 'N'),
	('2020-10-23', '22', 'Female', '32', 'Single', 'Tiktok', '8970', 'N'),
	('2020-10-23', '92', 'Male', '30', 'Married', 'Instagram', '1634', 'N'),
	('2020-10-23', '119', 'Male', '26', 'Married', 'X', '2196', 'N'),
	('2020-10-24', '90', 'Male', '46', 'Married', 'Tiktok', '352', 'N'),
	('2020-10-25', '110', 'Female', '39', 'Single', 'Tiktok', '3978', 'N'),
	('2020-10-25', '5', 'Male', '37', 'Single', 'Instagram', '6536', 'Y'),
	('2020-10-25', '74', 'Female', '27', 'Single', 'X', '2618', 'N'),
	('2020-10-25', '85', 'Male', '33', 'Single', 'Tiktok', '8250', 'N'),
	('2020-10-25', '102', 'Male', '35', 'Married', 'X', '5400', 'N'),
	('2020-10-25', '93', 'Female', '19', 'Single', 'Facebook', '6435', 'N'),
	('2020-10-27', '110', 'Male', '53', 'Married', 'X', '305', 'N'),
	('2020-10-27', '73', 'Male', '50', 'Married', 'Facebook', '118', 'Y'),
	('2020-10-27', '35', 'Female', '35', 'Divorced', 'X', '6868', 'Y'),
	('2020-10-27', '87', 'Female', '48', 'Married', 'X', '392', 'N'),
	('2020-10-27', '117', 'Male', '17', 'Single', 'X', '888', 'N'),
	('2020-10-27', '44', 'Female', '26', 'Married', 'X', '12339', 'N'),
	('2020-10-28', '42', 'Female', '50', 'Divorced', 'Tiktok', '336', 'N'),
	('2020-10-29', '44', 'Male', '48', 'Married', 'Instagram', '213', 'N'),
	('2020-10-29', '45', 'Female', '20', 'Single', 'Tiktok', '10350', 'N'),
	('2020-10-30', '33', 'Male', '20', 'Single', 'Facebook', '7084', 'N'),
	('2020-10-30', '3', 'Male', '21', 'Single', 'Facebook', '1268', 'N'),
	('2020-10-30', '58', 'Male', '54', 'Divorced', 'X', '233', 'N'),
	('2020-10-30', '93', 'Male', '42', 'Divorced', 'Facebook', '56', 'N'),
	('2020-10-30', '66', 'Male', '27', 'Single', 'Facebook', '5460', 'N'),
	('2020-10-30', '53', 'Male', '38', 'Married', 'X', '9198', 'Y'),
	('2020-10-30', '89', 'Female', '45', 'Married', 'X', '210', 'N'),
	('2020-10-31', '33', 'Female', '48', 'Single', 'Instagram', '186', 'N'),
	('2020-11-01', '99', 'Female', '23', 'Single', 'X', '349', 'N'),
	('2020-11-02', '87', 'Female', '33', 'Married', 'X', '371', 'N'),
	('2020-11-02', '32', 'Male', '23', 'Single', 'Tiktok', '1608', 'N'),
	('2020-11-04', '77', 'Male', '46', 'Single', 'Instagram', '29', 'Y'),
	('2020-11-05', '46', 'Male', '36', 'Married', 'Facebook', '999', 'Y'),
	('2020-11-05', '109', 'Female', '27', 'Single', 'Facebook', '13530', 'Y'),
	('2020-11-05', '92', 'Female', '50', 'Single', 'Tiktok', '21', 'Y'),
	('2020-11-06', '53', 'Female', '24', 'Married', 'Tiktok', '2497', 'N'),
	('2020-11-08', '36', 'Male', '16', 'Single', 'X', '4623', 'N'),
	('2020-11-08', '109', 'Female', '17', 'Single', 'Facebook', '3114', 'Y'),
	('2020-11-08', '4', 'Female', '33', 'Single', 'Facebook', '151', 'Y'),
	('2020-11-08', '59', 'Male', '37', 'Married', 'Tiktok', '408', 'Y'),
	('2020-11-08', '115', 'Male', '46', 'Single', 'Facebook', '253', 'N'),
	('2020-11-09', '35', 'Female', '32', 'Married', 'Facebook', '6528', 'N'),
	('2020-11-09', '3', 'Male', '31', 'Single', 'Facebook', '7182', 'N'),
	('2020-11-10', '72', 'Female', '48', 'Single', 'Instagram', '282', 'N'),
	('2020-11-12', '21', 'Male', '48', 'Married', 'Facebook', '372', 'N'),
	('2020-11-14', '104', 'Female', '36', 'Married', 'Facebook', '5490', 'N'),
	('2020-11-14', '116', 'Male', '43', 'Married', 'Facebook', '27', 'Y'),
	('2020-11-14', '115', 'Male', '46', 'Divorced', 'X', '368', 'Y'),
	('2020-11-14', '46', 'Female', '46', 'Divorced', 'Facebook', '363', 'N'),
	('2020-11-14', '70', 'Female', '47', 'Single', 'Facebook', '20', 'Y'),
	('2020-11-14', '22', 'Male', '48', 'Single', 'Instagram', '245', 'N'),
	('2020-11-14', '34', 'Male', '52', 'Married', 'Facebook', '152', 'N'),
	('2020-11-14', '3', 'Male', '47', 'Married', 'Facebook', '304', 'N'),
	('2020-11-14', '39', 'Male', '36', 'Single', 'Instagram', '4884', 'N'),
	('2020-11-15', '43', 'Female', '18', 'Single', 'Instagram', '2110', 'N'),
	('2020-11-15', '41', 'Female', '28', 'Single', 'Tiktok', '1136', 'N'),
	('2020-11-15', '98', 'Male', '22', 'Single', 'Instagram', '11856', 'N'),
	('2020-11-15', '10', 'Male', '53', 'Married', 'Facebook', '299', 'N'),
	('2020-11-15', '60', 'Female', '34', 'Single', 'X', '996', 'N'),
	('2020-11-15', '5', 'Male', '19', 'Single', 'Tiktok', '4500', 'N'),
	('2020-11-16', '42', 'Female', '39', 'Single', 'Tiktok', '2775', 'N'),
	('2020-11-17', '112', 'Female', '42', 'Single', 'Tiktok', '251', 'N'),
	('2020-11-17', '20', 'Female', '23', 'Single', 'X', '988', 'N'),
	('2020-11-17', '108', 'Male', '24', 'Married', 'Facebook', '7938', 'N'),
	('2020-11-17', '10', 'Female', '51', 'Married', 'Facebook', '153', 'N'),
	('2020-11-18', '120', 'Male', '19', 'Single', 'X', '7830', 'Y'),
	('2020-11-18', '50', 'Male', '17', 'Single', 'X', '11088', 'N'),
	('2020-11-20', '61', 'Male', '47', 'Single', 'X', '299', 'Y'),
	('2020-11-20', '1', 'Female', '54', 'Married', 'Instagram', '253', 'N'),
	('2020-11-20', '117', 'Male', '40', 'Married', 'Facebook', '7884', 'Y'),
	('2020-11-20', '99', 'Female', '46', 'Single', 'X', '187', 'N'),
	('2020-11-22', '110', 'Male', '41', 'Divorced', 'X', '293', 'N'),
	('2020-11-23', '21', 'Female', '19', 'Single', 'Facebook', '3352', 'N'),
	('2020-11-24', '49', 'Female', '51', 'Single', 'X', '136', 'N'),
	('2020-11-25', '24', 'Female', '23', 'Single', 'Tiktok', '6489', 'N'),
	('2020-11-25', '103', 'Female', '47', 'Married', 'Facebook', '256', 'N'),
	('2020-11-25', '115', 'Female', '49', 'Single', 'Tiktok', '269', 'N'),
	('2020-11-25', '82', 'Female', '50', 'Single', 'Instagram', '357', 'N'),
	('2020-11-25', '105', 'Female', '52', 'Single', 'X', '248', 'N'),
	('2020-11-25', '97', 'Male', '31', 'Single', 'X', '3951', 'N'),
	('2020-11-25', '90', 'Male', '15', 'Single', 'Facebook', '1386', 'N'),
	('2020-11-26', '12', 'Male', '43', 'Married', 'Facebook', '379', 'N'),
	('2020-11-27', '38', 'Male', '38', 'Married', 'Instagram', '5776', 'N'),
	('2020-11-28', '121', 'Male', '32', 'Married', 'Tiktok', '13473', 'Y'),
	('2020-11-29', '56', 'Male', '50', 'Married', 'Tiktok', '398', 'N'),
	('2020-11-30', '93', 'Male', '55', 'Single', 'Tiktok', '81', 'N'),
	('2020-12-01', '64', 'Female', '44', 'Single', 'Tiktok', '77', 'N'),
	('2020-12-01', '17', 'Female', '34', 'Single', 'Instagram', '909', 'N'),
	('2020-12-01', '87', 'Male', '15', 'Single', 'Tiktok', '6318', 'Y'),
	('2020-12-03', '57', 'Male', '29', 'Single', 'X', '469', 'N'),
	('2020-12-05', '61', 'Female', '46', 'Married', 'X', '150', 'N'),
	('2020-12-05', '44', 'Male', '23', 'Single', 'Facebook', '6821', 'N'),
	('2020-12-05', '46', 'Male', '37', 'Married', 'Facebook', '342', 'N'),
	('2020-12-05', '55', 'Female', '35', 'Single', 'Tiktok', '7152', 'N'),
	('2020-12-05', '4', 'Female', '29', 'Single', 'Tiktok', '5460', 'Y'),
	('2020-12-07', '118', 'Female', '31', 'Divorced', 'Tiktok', '5600', 'Y'),
	('2020-12-07', '93', 'Female', '28', 'Single', 'Tiktok', '8702', 'N'),
	('2020-12-08', '97', 'Male', '47', 'Single', 'Instagram', '400', 'Y'),
	('2020-12-08', '91', 'Female', '34', 'Single', 'Instagram', '9250', 'N'),
	('2020-12-08', '72', 'Female', '25', 'Divorced', 'X', '6556', 'N'),
	('2020-12-08', '54', 'Male', '31', 'Married', 'X', '182', 'Y'),
	('2020-12-08', '10', 'Female', '17', 'Single', 'X', '7136', 'N'),
	('2020-12-08', '99', 'Female', '33', 'Single', 'X', '2646', 'N'),
	('2020-12-08', '90', 'Male', '19', 'Single', 'Instagram', '2743', 'N'),
	('2020-12-09', '92', 'Female', '28', 'Single', 'Tiktok', '1645', 'N'),
	('2020-12-09', '75', 'Female', '49', 'Single', 'Instagram', '93', 'Y'),
	('2020-12-09', '44', 'Female', '34', 'Married', 'Tiktok', '6507', 'N'),
	('2020-12-09', '119', 'Female', '32', 'Married', 'Tiktok', '1386', 'Y'),
	('2020-12-09', '17', 'Female', '46', 'Divorced', 'Facebook', '139', 'Y'),
	('2020-12-09', '32', 'Male', '34', 'Single', 'Tiktok', '4212', 'Y'),
	('2020-12-09', '32', 'Male', '54', 'Married', 'X', '88', 'Y'),
	('2020-12-09', '66', 'Male', '19', 'Single', 'Facebook', '199', 'N'),
	('2020-12-11', '105', 'Male', '50', 'Married', 'X', '179', 'Y'),
	('2020-12-11', '48', 'Male', '22', 'Single', 'X', '3159', 'N'),
	('2020-12-11', '28', 'Male', '52', 'Single', 'Facebook', '178', 'N'),
	('2020-12-11', '60', 'Female', '51', 'Married', 'Instagram', '31', 'Y'),
	('2020-12-12', '25', 'Female', '21', 'Single', 'X', '6987', 'N'),
	('2020-12-12', '103', 'Female', '37', 'Married', 'X', '1099', 'Y'),
	('2020-12-13', '123', 'Male', '23', 'Single', 'Instagram', '957', 'N'),
	('2020-12-13', '21', 'Female', '48', 'Divorced', 'Tiktok', '356', 'N'),
	('2020-12-13', '36', 'Male', '18', 'Single', 'Tiktok', '5451', 'N'),
	('2020-12-13', '48', 'Male', '47', 'Divorced', 'Facebook', '396', 'N'),
	('2020-12-13', '95', 'Male', '39', 'Divorced', 'Tiktok', '8626', 'N'),
	('2020-12-13', '40', 'Female', '32', 'Single', 'Instagram', '783', 'Y'),
	('2020-12-13', '115', 'Female', '34', 'Single', 'X', '10850', 'N'),
	('2020-12-13', '2', 'Female', '36', 'Married', 'Tiktok', '3328', 'Y'),
	('2020-12-13', '95', 'Female', '32', 'Married', 'Facebook', '471', 'N'),
	('2020-12-13', '35', 'Female', '35', 'Married', 'Instagram', '897', 'N'),
	('2020-12-14', '1', 'Male', '28', 'Single', 'X', '2054', 'Y'),
	('2020-12-14', '67', 'Female', '18', 'Single', 'Facebook', '1818', 'N'),
	('2020-12-14', '116', 'Male', '33', 'Divorced', 'X', '3950', 'Y'),
	('2020-12-14', '35', 'Male', '22', 'Single', 'Tiktok', '4200', 'N'),
	('2020-12-15', '74', 'Female', '21', 'Single', 'Facebook', '7308', 'Y'),
	('2020-12-16', '59', 'Male', '31', 'Married', 'Tiktok', '2352', 'N'),
	('2020-12-16', '107', 'Female', '37', 'Divorced', 'Tiktok', '8000', 'N'),
	('2020-12-16', '2', 'Female', '40', 'Married', 'X', '11760', 'N'),
	('2020-12-16', '89', 'Female', '28', 'Single', 'X', '2788', 'N'),
	('2020-12-16', '72', 'Male', '50', 'Single', 'Instagram', '154', 'N'),
	('2020-12-16', '67', 'Female', '15', 'Single', 'Facebook', '828', 'N'),
	('2020-12-17', '13', 'Male', '38', 'Single', 'Tiktok', '696', 'Y'),
	('2020-12-18', '81', 'Female', '46', 'Married', 'Facebook', '370', 'Y'),
	('2020-12-18', '63', 'Female', '42', 'Married', 'Facebook', '98', 'N'),
	('2020-12-20', '84', 'Male', '20', 'Single', 'Tiktok', '1032', 'N'),
	('2020-12-21', '37', 'Female', '48', 'Married', 'X', '246', 'N'),
	('2020-12-22', '38', 'Female', '38', 'Married', 'X', '7005', 'N'),
	('2020-12-22', '61', 'Male', '52', 'Married', 'Instagram', '167', 'N'),
	('2020-12-22', '72', 'Male', '17', 'Single', 'X', '8982', 'N'),
	('2020-12-22', '76', 'Female', '39', 'Single', 'X', '2300', 'N'),
	('2020-12-22', '24', 'Male', '51', 'Divorced', 'X', '253', 'N'),
	('2020-12-22', '83', 'Female', '25', 'Married', 'Facebook', '13300', 'N'),
	('2020-12-22', '113', 'Male', '38', 'Divorced', 'Instagram', '4870', 'N'),
	('2020-12-22', '6', 'Male', '29', 'Single', 'Facebook', '6383', 'Y'),
	('2020-12-22', '108', 'Female', '53', 'Single', 'Facebook', '194', 'Y'),
	('2020-12-22', '103', 'Female', '22', 'Single', 'X', '7616', 'N'),
	('2020-12-22', '70', 'Male', '16', 'Single', 'Tiktok', '5964', 'N'),
	('2020-12-23', '89', 'Male', '48', 'Divorced', 'Facebook', '138', 'N'),
	('2020-12-25', '103', 'Female', '37', 'Divorced', 'Facebook', '7392', 'N'),
	('2020-12-25', '57', 'Male', '27', 'Single', 'Tiktok', '6552', 'N'),
	('2020-12-25', '78', 'Female', '44', 'Married', 'Tiktok', '150', 'Y'),
	('2020-12-25', '84', 'Male', '22', 'Single', 'Instagram', '465', 'N'),
	('2020-12-25', '73', 'Female', '20', 'Single', 'X', '4185', 'Y'),
	('2020-12-27', '117', 'Female', '17', 'Single', 'X', '12673', 'Y'),
	('2020-12-27', '8', 'Female', '31', 'Married', 'Instagram', '2400', 'N'),
	('2020-12-27', '55', 'Male', '31', 'Single', 'Instagram', '2660', 'N'),
	('2020-12-27', '48', 'Female', '17', 'Single', 'Tiktok', '1963', 'Y'),
	('2020-12-27', '74', 'Female', '24', 'Married', 'Tiktok', '12900', 'Y'),
	('2020-12-27', '35', 'Female', '33', 'Married', 'Facebook', '3132', 'N'),
	('2020-12-29', '17', 'Male', '25', 'Single', 'X', '10218', 'Y'),
	('2020-12-29', '1', 'Female', '16', 'Single', 'Instagram', '1915', 'N'),
	('2020-12-31', '80', 'Male', '45', 'Married', 'X', '83', 'Y'),
	('2021-01-02', '113', 'Male', '25', 'Single', 'Facebook', '3766', 'N'),
	('2021-01-04', '111', 'Male', '35', 'Married', 'Tiktok', '483', 'N'),
	('2021-01-04', '21', 'Female', '32', 'Married', 'Tiktok', '9828', 'Y'),
	('2021-01-04', '79', 'Male', '43', 'Single', 'X', '266', 'N'),
	('2021-01-05', '32', 'Male', '16', 'Single', 'Instagram', '7436', 'Y'),
	('2021-01-05', '105', 'Male', '52', 'Single', 'Tiktok', '400', 'N'),
	('2021-01-05', '110', 'Male', '18', 'Single', 'Facebook', '14384', 'N'),
	('2021-01-05', '95', 'Female', '37', 'Divorced', 'Instagram', '5844', 'Y'),
	('2021-01-05', '108', 'Female', '37', 'Married', 'X', '2673', 'Y'),
	('2021-01-06', '104', 'Male', '34', 'Married', 'Instagram', '948', 'N'),
	('2021-01-07', '16', 'Male', '15', 'Single', 'X', '5291', 'N'),
	('2021-01-07', '41', 'Male', '19', 'Single', 'X', '1475', 'Y'),
	('2021-01-08', '92', 'Female', '47', 'Single', 'Tiktok', '30', 'Y'),
	('2021-01-09', '23', 'Male', '27', 'Single', 'Tiktok', '8236', 'N'),
	('2021-01-09', '1', 'Female', '47', 'Divorced', 'X', '56', 'N'),
	('2021-01-10', '68', 'Male', '33', 'Married', 'Facebook', '1224', 'N'),
	('2021-01-10', '27', 'Female', '35', 'Single', 'Tiktok', '5976', 'N'),
	('2021-01-10', '101', 'Male', '28', 'Married', 'Tiktok', '6858', 'Y'),
	('2021-01-12', '21', 'Male', '50', 'Married', 'X', '63', 'N'),
	('2021-01-12', '92', 'Female', '55', 'Single', 'X', '232', 'N'),
	('2021-01-12', '17', 'Female', '17', 'Single', 'Instagram', '14210', 'N'),
	('2021-01-13', '117', 'Male', '53', 'Married', 'Instagram', '181', 'N'),
	('2021-01-15', '76', 'Female', '33', 'Married', 'Instagram', '1236', 'N'),
	('2021-01-15', '13', 'Female', '25', 'Married', 'Instagram', '174', 'Y'),
	('2021-01-15', '99', 'Female', '20', 'Single', 'X', '6000', 'N'),
	('2021-01-15', '43', 'Female', '33', 'Married', 'Instagram', '1683', 'N'),
	('2021-01-15', '99', 'Male', '43', 'Single', 'Tiktok', '325', 'N'),
	('2021-01-15', '88', 'Male', '27', 'Divorced', 'Facebook', '3360', 'N'),
	('2021-01-15', '116', 'Male', '41', 'Married', 'Tiktok', '268', 'N'),
	('2021-01-15', '33', 'Male', '20', 'Single', 'Facebook', '12068', 'Y'),
	('2021-01-15', '54', 'Female', '31', 'Single', 'Instagram', '7320', 'N'),
	('2021-01-15', '105', 'Female', '55', 'Married', 'Instagram', '242', 'Y'),
	('2021-01-15', '114', 'Male', '35', 'Single', 'Facebook', '10560', 'Y'),
	('2021-01-15', '67', 'Male', '41', 'Single', 'X', '296', 'N'),
	('2021-01-15', '63', 'Male', '34', 'Married', 'Instagram', '2808', 'Y'),
	('2021-01-15', '1', 'Female', '46', 'Single', 'Tiktok', '395', 'N'),
	('2021-01-16', '37', 'Female', '53', 'Single', 'Tiktok', '187', 'Y'),
	('2021-01-16', '41', 'Female', '16', 'Single', 'Facebook', '311', 'N'),
	('2021-01-17', '4', 'Female', '50', 'Married', 'Facebook', '272', 'N'),
	('2021-01-18', '42', 'Male', '28', 'Single', 'Facebook', '1745', 'Y'),
	('2021-01-18', '19', 'Female', '24', 'Single', 'Tiktok', '3200', 'N'),
	('2021-01-19', '63', 'Female', '26', 'Single', 'X', '7150', 'Y'),
	('2021-01-21', '53', 'Male', '26', 'Married', 'Instagram', '10670', 'N'),
	('2021-01-21', '11', 'Male', '20', 'Single', 'Instagram', '6984', 'Y'),
	('2021-01-21', '99', 'Male', '18', 'Single', 'Facebook', '2586', 'Y'),
	('2021-01-21', '104', 'Male', '16', 'Single', 'X', '6752', 'N'),
	('2021-01-21', '10', 'Female', '22', 'Single', 'Facebook', '1446', 'Y'),
	('2021-01-22', '6', 'Female', '35', 'Married', 'Facebook', '7140', 'N'),
	('2021-01-23', '60', 'Female', '53', 'Married', 'Facebook', '283', 'N'),
	('2021-01-23', '61', 'Male', '37', 'Married', 'Instagram', '1393', 'N'),
	('2021-01-24', '6', 'Male', '19', 'Single', 'Tiktok', '8280', 'N'),
	('2021-01-24', '33', 'Female', '48', 'Divorced', 'Instagram', '199', 'N'),
	('2021-01-24', '120', 'Male', '19', 'Single', 'Instagram', '3492', 'N'),
	('2021-01-24', '85', 'Male', '50', 'Single', 'X', '49', 'N'),
	('2021-01-24', '22', 'Male', '34', 'Married', 'X', '781', 'N'),
	('2021-01-24', '72', 'Male', '47', 'Married', 'X', '229', 'Y'),
	('2021-01-24', '44', 'Male', '31', 'Single', 'Tiktok', '1250', 'Y'),
	('2021-01-24', '108', 'Female', '23', 'Single', 'Tiktok', '942', 'N'),
	('2021-01-24', '16', 'Female', '54', 'Married', 'Instagram', '332', 'Y'),
	('2021-01-25', '79', 'Male', '32', 'Single', 'Instagram', '270', 'N'),
	('2021-01-25', '84', 'Male', '53', 'Single', 'Instagram', '392', 'N'),
	('2021-01-25', '99', 'Female', '20', 'Single', 'Facebook', '5985', 'N'),
	('2021-01-26', '98', 'Female', '17', 'Single', 'Instagram', '3485', 'N'),
	('2021-01-28', '18', 'Female', '16', 'Single', 'Facebook', '9380', 'N'),
	('2021-01-29', '11', 'Female', '40', 'Married', 'Facebook', '9291', 'N'),
	('2021-01-29', '94', 'Female', '22', 'Single', 'Facebook', '510', 'N'),
	('2021-01-31', '54', 'Female', '25', 'Married', 'Tiktok', '6931', 'N'),
	('2021-02-02', '15', 'Female', '20', 'Single', 'Tiktok', '1332', 'N'),
	('2021-02-02', '55', 'Female', '53', 'Single', 'Tiktok', '93', 'Y'),
	('2021-02-04', '103', 'Male', '38', 'Married', 'Facebook', '1233', 'N'),
	('2021-02-05', '73', 'Male', '50', 'Married', 'Instagram', '93', 'Y'),
	('2021-02-05', '117', 'Female', '43', 'Single', 'Facebook', '135', 'Y'),
	('2021-02-07', '123', 'Male', '15', 'Single', 'Instagram', '3564', 'Y'),
	('2021-02-09', '40', 'Female', '49', 'Single', 'X', '360', 'N'),
	('2021-02-11', '116', 'Male', '15', 'Single', 'Facebook', '806', 'Y'),
	('2021-02-11', '28', 'Female', '55', 'Single', 'Tiktok', '75', 'N'),
	('2021-02-11', '2', 'Female', '52', 'Married', 'Facebook', '25', 'Y'),
	('2021-02-11', '51', 'Male', '41', 'Married', 'Tiktok', '117', 'Y'),
	('2021-02-11', '92', 'Male', '55', 'Married', 'Facebook', '35', 'Y'),
	('2021-02-11', '31', 'Female', '21', 'Single', 'X', '5368', 'N'),
	('2021-02-11', '41', 'Female', '18', 'Single', 'Instagram', '8043', 'Y'),
	('2021-02-13', '25', 'Male', '15', 'Single', 'Tiktok', '767', 'Y'),
	('2021-02-13', '67', 'Male', '46', 'Married', 'Facebook', '372', 'Y'),
	('2021-02-13', '21', 'Female', '37', 'Married', 'X', '1920', 'N'),
	('2021-02-13', '72', 'Female', '24', 'Divorced', 'Facebook', '7146', 'N'),
	('2021-02-13', '113', 'Female', '46', 'Single', 'Facebook', '309', 'N'),
	('2021-02-13', '15', 'Female', '17', 'Single', 'Instagram', '6030', 'Y'),
	('2021-02-13', '2', 'Female', '34', 'Married', 'Instagram', '2466', 'Y'),
	('2021-02-13', '73', 'Female', '26', 'Single', 'Tiktok', '2610', 'N'),
	('2021-02-13', '115', 'Female', '41', 'Married', 'Tiktok', '397', 'N'),
	('2021-02-15', '10', 'Male', '21', 'Single', 'Facebook', '6825', 'Y'),
	('2021-02-15', '6', 'Male', '35', 'Married', 'Facebook', '8613', 'Y'),
	('2021-02-15', '47', 'Male', '21', 'Single', 'Facebook', '5035', 'Y'),
	('2021-02-15', '118', 'Female', '39', 'Married', 'X', '5746', 'N'),
	('2021-02-16', '39', 'Male', '41', 'Married', 'Tiktok', '159', 'N'),
	('2021-02-16', '121', 'Male', '31', 'Divorced', 'X', '4056', 'Y'),
	('2021-02-18', '44', 'Male', '30', 'Married', 'Instagram', '1512', 'N'),
	('2021-02-18', '68', 'Female', '53', 'Single', 'Facebook', '25', 'Y'),
	('2021-02-20', '60', 'Male', '49', 'Divorced', 'Tiktok', '185', 'N'),
	('2021-02-20', '43', 'Male', '31', 'Divorced', 'Facebook', '188', 'N'),
	('2021-02-20', '1', 'Female', '26', 'Single', 'Instagram', '954', 'Y'),
	('2021-02-21', '55', 'Male', '17', 'Single', 'Facebook', '3200', 'N'),
	('2021-02-21', '32', 'Male', '45', 'Single', 'Facebook', '53', 'N'),
	('2021-02-21', '60', 'Female', '53', 'Married', 'X', '308', 'N'),
	('2021-02-21', '47', 'Male', '37', 'Single', 'Instagram', '2472', 'N'),
	('2021-02-21', '89', 'Male', '34', 'Single', 'Tiktok', '6450', 'Y'),
	('2021-02-23', '17', 'Female', '25', 'Divorced', 'Tiktok', '968', 'N'),
	('2021-02-23', '81', 'Female', '45', 'Single', 'Tiktok', '144', 'N'),
	('2021-02-23', '94', 'Male', '18', 'Single', 'Tiktok', '1688', 'N'),
	('2021-02-23', '3', 'Male', '30', 'Married', 'Instagram', '2541', 'N'),
	('2021-02-23', '18', 'Male', '30', 'Married', 'Facebook', '10224', 'N'),
	('2021-02-25', '28', 'Female', '26', 'Divorced', 'Facebook', '832', 'Y'),
	('2021-02-26', '82', 'Female', '24', 'Single', 'X', '2336', 'N'),
	('2021-02-26', '5', 'Male', '25', 'Single', 'Tiktok', '638', 'Y'),
	('2021-02-26', '102', 'Female', '31', 'Single', 'X', '9646', 'N'),
	('2021-02-27', '40', 'Female', '50', 'Married', 'X', '72', 'Y'),
	('2021-02-27', '4', 'Female', '46', 'Single', 'Facebook', '171', 'N'),
	('2021-02-28', '96', 'Female', '45', 'Single', 'Tiktok', '185', 'Y'),
	('2021-02-28', '91', 'Male', '51', 'Divorced', 'Tiktok', '143', 'N'),
	('2021-02-28', '14', 'Female', '40', 'Married', 'X', '4059', 'Y'),
	('2021-03-02', '6', 'Female', '33', 'Married', 'Facebook', '4383', 'N'),
	('2021-03-03', '44', 'Female', '38', 'Married', 'Tiktok', '1347', 'N'),
	('2021-03-05', '113', 'Male', '43', 'Single', 'Instagram', '146', 'Y'),
	('2021-03-07', '12', 'Female', '19', 'Single', 'Instagram', '648', 'N'),
	('2021-03-07', '24', 'Female', '54', 'Married', 'X', '244', 'N'),
	('2021-03-07', '49', 'Female', '17', 'Single', 'Facebook', '6305', 'Y'),
	('2021-03-08', '6', 'Female', '51', 'Married', 'Tiktok', '390', 'Y'),
	('2021-03-08', '91', 'Female', '41', 'Single', 'Facebook', '339', 'N'),
	('2021-03-08', '25', 'Female', '17', 'Single', 'X', '3192', 'N'),
	('2021-03-08', '52', 'Female', '46', 'Divorced', 'Tiktok', '53', 'N'),
	('2021-03-08', '7', 'Female', '45', 'Married', 'Facebook', '278', 'N'),
	('2021-03-08', '24', 'Male', '26', 'Divorced', 'Tiktok', '2236', 'N'),
	('2021-03-08', '85', 'Male', '21', 'Single', 'Instagram', '9329', 'N'),
	('2021-03-10', '80', 'Male', '21', 'Single', 'Facebook', '4365', 'N'),
	('2021-03-12', '113', 'Male', '21', 'Single', 'X', '9658', 'N'),
	('2021-03-12', '17', 'Female', '40', 'Married', 'Facebook', '3990', 'N'),
	('2021-03-12', '69', 'Male', '45', 'Divorced', 'Instagram', '196', 'Y'),
	('2021-03-12', '18', 'Female', '34', 'Divorced', 'Facebook', '3520', 'N'),
	('2021-03-12', '70', 'Male', '24', 'Divorced', 'X', '467', 'N'),
	('2021-03-12', '100', 'Female', '30', 'Married', 'Instagram', '4416', 'N'),
	('2021-03-12', '101', 'Female', '25', 'Single', 'Instagram', '8640', 'N'),
	('2021-03-12', '6', 'Male', '43', 'Married', 'X', '40', 'N'),
	('2021-03-12', '69', 'Female', '47', 'Single', 'Tiktok', '90', 'N'),
	('2021-03-13', '92', 'Female', '41', 'Married', 'X', '192', 'N'),
	('2021-03-13', '82', 'Female', '45', 'Single', 'Instagram', '157', 'N'),
	('2021-03-14', '28', 'Female', '30', 'Married', 'Instagram', '8960', 'Y'),
	('2021-03-16', '73', 'Female', '19', 'Single', 'X', '2400', 'N'),
	('2021-03-16', '120', 'Male', '35', 'Single', 'Facebook', '7140', 'N'),
	('2021-03-17', '100', 'Female', '24', 'Divorced', 'Tiktok', '1152', 'N'),
	('2021-03-18', '80', 'Female', '34', 'Divorced', 'Facebook', '1356', 'N'),
	('2021-03-18', '14', 'Female', '24', 'Divorced', 'Tiktok', '4646', 'N'),
	('2021-03-19', '121', 'Male', '42', 'Married', 'Facebook', '223', 'N'),
	('2021-03-21', '88', 'Male', '37', 'Divorced', 'Facebook', '3168', 'Y'),
	('2021-03-21', '28', 'Female', '51', 'Single', 'Facebook', '36', 'N'),
	('2021-03-21', '123', 'Male', '36', 'Married', 'X', '8558', 'N'),
	('2021-03-22', '117', 'Female', '30', 'Single', 'Facebook', '2223', 'N'),
	('2021-03-22', '111', 'Male', '54', 'Married', 'Tiktok', '257', 'N'),
	('2021-03-22', '55', 'Female', '47', 'Single', 'Facebook', '169', 'N'),
	('2021-03-22', '16', 'Male', '17', 'Single', 'X', '4370', 'N'),
	('2021-03-22', '123', 'Male', '37', 'Single', 'X', '4494', 'Y'),
	('2021-03-22', '11', 'Female', '54', 'Married', 'Instagram', '61', 'N'),
	('2021-03-22', '70', 'Male', '40', 'Single', 'Tiktok', '8758', 'Y'),
	('2021-03-22', '3', 'Male', '38', 'Single', 'Tiktok', '4980', 'Y'),
	('2021-03-22', '75', 'Male', '19', 'Single', 'Tiktok', '10802', 'N'),
	('2021-03-22', '21', 'Female', '27', 'Divorced', 'Facebook', '1880', 'Y'),
	('2021-03-23', '9', 'Male', '41', 'Single', 'Tiktok', '92', 'Y'),
	('2021-03-23', '34', 'Female', '49', 'Divorced', 'Tiktok', '135', 'N'),
	('2021-03-23', '53', 'Female', '16', 'Single', 'X', '6592', 'N'),
	('2021-03-23', '97', 'Male', '28', 'Single', 'Facebook', '2548', 'N'),
	('2021-03-24', '49', 'Female', '16', 'Single', 'Instagram', '2310', 'N'),
	('2021-03-24', '77', 'Male', '52', 'Single', 'Instagram', '20', 'N'),
	('2021-03-24', '93', 'Male', '21', 'Single', 'Tiktok', '5589', 'N'),
	('2021-03-24', '38', 'Female', '28', 'Single', 'Facebook', '8740', 'Y'),
	('2021-03-24', '107', 'Male', '36', 'Single', 'Facebook', '3192', 'Y'),
	('2021-03-24', '36', 'Male', '46', 'Single', 'Instagram', '172', 'Y'),
	('2021-03-24', '29', 'Male', '35', 'Married', 'X', '9480', 'N'),
	('2021-03-24', '105', 'Female', '42', 'Single', 'Instagram', '375', 'Y'),
	('2021-03-25', '100', 'Female', '23', 'Single', 'Tiktok', '13543', 'N'),
	('2021-03-25', '60', 'Female', '16', 'Single', 'X', '3696', 'N'),
	('2021-03-25', '118', 'Male', '32', 'Single', 'Tiktok', '1404', 'Y'),
	('2021-03-25', '43', 'Male', '34', 'Single', 'Facebook', '9420', 'Y'),
	('2021-03-25', '82', 'Female', '50', 'Married', 'Tiktok', '196', 'Y'),
	('2021-03-25', '95', 'Female', '20', 'Single', 'X', '7837', 'N'),
	('2021-03-25', '101', 'Female', '43', 'Married', 'Tiktok', '235', 'N'),
	('2021-03-25', '56', 'Male', '37', 'Single', 'Tiktok', '7940', 'Y'),
	('2021-03-26', '86', 'Male', '39', 'Single', 'Facebook', '6840', 'Y'),
	('2021-03-26', '112', 'Male', '44', 'Divorced', 'Facebook', '356', 'Y'),
	('2021-03-28', '91', 'Female', '37', 'Single', 'X', '8092', 'Y'),
	('2021-03-28', '63', 'Female', '54', 'Divorced', 'Instagram', '393', 'Y'),
	('2021-03-28', '51', 'Female', '35', 'Married', 'Facebook', '976', 'N'),
	('2021-03-28', '10', 'Male', '44', 'Divorced', 'Tiktok', '74', 'Y'),
	('2021-03-30', '9', 'Female', '31', 'Single', 'Tiktok', '2862', 'N'),
	('2021-03-30', '78', 'Male', '34', 'Married', 'Tiktok', '1872', 'Y'),
	('2021-03-30', '7', 'Male', '50', 'Single', 'Instagram', '379', 'N'),
	('2021-03-30', '15', 'Female', '42', 'Divorced', 'X', '189', 'Y'),
	('2021-03-30', '103', 'Male', '51', 'Married', 'Instagram', '232', 'N'),
	('2021-03-30', '32', 'Female', '51', 'Married', 'Tiktok', '70', 'N'),
	('2021-03-31', '56', 'Male', '45', 'Married', 'X', '47', 'Y'),
	('2021-04-02', '8', 'Male', '43', 'Single', 'Instagram', '81', 'N'),
	('2021-04-02', '112', 'Female', '35', 'Married', 'Tiktok', '3910', 'N'),
	('2021-04-02', '16', 'Male', '50', 'Married', 'Tiktok', '26', 'Y'),
	('2021-04-02', '9', 'Female', '40', 'Married', 'Facebook', '7938', 'Y'),
	('2021-04-02', '20', 'Male', '21', 'Single', 'Tiktok', '453', 'N'),
	('2021-04-02', '97', 'Female', '34', 'Divorced', 'Tiktok', '4400', 'Y'),
	('2021-04-02', '103', 'Female', '21', 'Single', 'Facebook', '65', 'N'),
	('2021-04-02', '48', 'Male', '19', 'Single', 'X', '424', 'Y'),
	('2021-04-02', '71', 'Male', '29', 'Single', 'Instagram', '1800', 'N'),
	('2021-04-03', '98', 'Female', '30', 'Single', 'X', '2910', 'N'),
	('2021-04-03', '63', 'Male', '32', 'Single', 'X', '4190', 'Y'),
	('2021-04-03', '81', 'Female', '25', 'Married', 'Tiktok', '2698', 'N'),
	('2021-04-03', '24', 'Female', '49', 'Married', 'Instagram', '92', 'N'),
	('2021-04-03', '61', 'Male', '33', 'Divorced', 'Facebook', '3432', 'Y'),
	('2021-04-03', '35', 'Male', '41', 'Married', 'Facebook', '223', 'N'),
	('2021-04-03', '68', 'Female', '30', 'Married', 'Instagram', '11484', 'N'),
	('2021-04-03', '111', 'Male', '41', 'Divorced', 'Tiktok', '146', 'Y'),
	('2021-04-03', '48', 'Female', '45', 'Divorced', 'Facebook', '20', 'N'),
	('2021-04-03', '80', 'Male', '46', 'Single', 'X', '383', 'Y'),
	('2021-04-04', '76', 'Female', '33', 'Divorced', 'Tiktok', '696', 'Y'),
	('2021-04-06', '11', 'Female', '52', 'Divorced', 'Instagram', '233', 'Y'),
	('2021-04-08', '100', 'Female', '53', 'Married', 'X', '178', 'Y'),
	('2021-04-08', '60', 'Male', '37', 'Divorced', 'Facebook', '1812', 'N'),
	('2021-04-08', '115', 'Male', '46', 'Single', 'X', '367', 'N'),
	('2021-04-08', '109', 'Female', '45', 'Married', 'Instagram', '212', 'Y'),
	('2021-04-09', '106', 'Female', '46', 'Married', 'Instagram', '280', 'N'),
	('2021-04-10', '118', 'Male', '43', 'Single', 'Tiktok', '358', 'N'),
	('2021-04-10', '75', 'Female', '26', 'Divorced', 'Tiktok', '5356', 'Y'),
	('2021-04-11', '9', 'Female', '35', 'Single', 'X', '1620', 'N'),
	('2021-04-11', '98', 'Male', '23', 'Single', 'Instagram', '1855', 'N'),
	('2021-04-12', '84', 'Male', '21', 'Single', 'Tiktok', '2835', 'Y'),
	('2021-04-12', '86', 'Male', '20', 'Single', 'X', '12420', 'N'),
	('2021-04-12', '122', 'Male', '36', 'Married', 'Instagram', '8988', 'N'),
	('2021-04-14', '51', 'Male', '30', 'Divorced', 'Tiktok', '5715', 'Y'),
	('2021-04-14', '97', 'Female', '28', 'Single', 'Tiktok', '5510', 'Y'),
	('2021-04-15', '114', 'Female', '48', 'Single', 'Tiktok', '204', 'Y'),
	('2021-04-16', '17', 'Female', '29', 'Divorced', 'X', '2430', 'N'),
	('2021-04-16', '34', 'Male', '47', 'Single', 'Tiktok', '282', 'N'),
	('2021-04-16', '107', 'Male', '42', 'Married', 'Tiktok', '363', 'N'),
	('2021-04-17', '40', 'Female', '55', 'Single', 'Instagram', '156', 'Y'),
	('2021-04-18', '113', 'Male', '16', 'Single', 'Facebook', '6804', 'Y'),
	('2021-04-18', '36', 'Female', '35', 'Married', 'Instagram', '11076', 'N'),
	('2021-04-18', '77', 'Male', '22', 'Single', 'Tiktok', '10494', 'Y'),
	('2021-04-18', '3', 'Female', '21', 'Single', 'X', '2717', 'N'),
	('2021-04-18', '94', 'Male', '16', 'Single', 'Tiktok', '1273', 'N'),
	('2021-04-18', '91', 'Male', '38', 'Married', 'Instagram', '3480', 'N'),
	('2021-04-18', '37', 'Male', '36', 'Divorced', 'X', '3190', 'N'),
	('2021-04-20', '60', 'Female', '20', 'Single', 'Tiktok', '5148', 'Y'),
	('2021-04-20', '7', 'Male', '39', 'Married', 'Instagram', '2400', 'N'),
	('2021-04-21', '67', 'Female', '23', 'Single', 'X', '1705', 'N'),
	('2021-04-23', '63', 'Female', '24', 'Divorced', 'Tiktok', '1312', 'Y'),
	('2021-04-23', '58', 'Male', '42', 'Married', 'Facebook', '217', 'N'),
	('2021-04-23', '13', 'Female', '34', 'Married', 'Tiktok', '6025', 'Y'),
	('2021-04-23', '63', 'Female', '52', 'Married', 'X', '311', 'N'),
	('2021-04-23', '115', 'Female', '50', 'Divorced', 'Facebook', '302', 'Y'),
	('2021-04-23', '94', 'Female', '41', 'Single', 'Instagram', '115', 'N'),
	('2021-04-23', '21', 'Male', '21', 'Single', 'Instagram', '6925', 'N'),
	('2021-04-23', '79', 'Male', '24', 'Single', 'Instagram', '7514', 'N'),
	('2021-04-23', '117', 'Male', '55', 'Single', 'Tiktok', '168', 'N'),
	('2021-04-23', '43', 'Female', '50', 'Married', 'Facebook', '208', 'Y'),
	('2021-04-24', '92', 'Female', '38', 'Single', 'X', '7408', 'N'),
	('2021-04-25', '90', 'Female', '43', 'Single', 'X', '355', 'N'),
	('2021-04-25', '61', 'Male', '39', 'Divorced', 'Facebook', '3720', 'N'),
	('2021-04-25', '1', 'Female', '44', 'Divorced', 'Tiktok', '135', 'Y'),
	('2021-04-27', '15', 'Female', '22', 'Single', 'Facebook', '7728', 'N'),
	('2021-04-28', '10', 'Female', '43', 'Divorced', 'X', '64', 'N'),
	('2021-04-28', '3', 'Male', '22', 'Single', 'Tiktok', '3479', 'N'),
	('2021-04-28', '6', 'Male', '37', 'Single', 'Instagram', '7728', 'Y'),
	('2021-04-28', '77', 'Female', '46', 'Married', 'Facebook', '179', 'N'),
	('2021-04-28', '41', 'Male', '33', 'Divorced', 'Facebook', '5852', 'N'),
	('2021-04-28', '7', 'Female', '30', 'Single', 'Instagram', '5265', 'N'),
	('2021-04-28', '90', 'Male', '54', 'Married', 'Instagram', '361', 'N'),
	('2021-04-29', '86', 'Male', '32', 'Married', 'X', '10728', 'N'),
	('2021-05-01', '12', 'Male', '45', 'Divorced', 'Tiktok', '155', 'Y'),
	('2021-05-02', '22', 'Male', '45', 'Married', 'Instagram', '140', 'N'),
	('2021-05-03', '19', 'Male', '29', 'Married', 'X', '1224', 'N'),
	('2021-05-03', '61', 'Male', '33', 'Single', 'X', '3883', 'N'),
	('2021-05-05', '51', 'Female', '21', 'Single', 'Tiktok', '588', 'Y'),
	('2021-05-07', '72', 'Male', '16', 'Single', 'Facebook', '2635', 'N'),
	('2021-05-07', '51', 'Female', '42', 'Single', 'Facebook', '288', 'N'),
	('2021-05-07', '120', 'Male', '55', 'Single', 'Tiktok', '125', 'N'),
	('2021-05-07', '104', 'Male', '30', 'Married', 'Tiktok', '1996', 'Y'),
	('2021-05-07', '50', 'Male', '37', 'Divorced', 'Instagram', '1176', 'N'),
	('2021-05-07', '59', 'Male', '30', 'Married', 'Tiktok', '2751', 'N'),
	('2021-05-07', '108', 'Female', '49', 'Married', 'X', '183', 'N'),
	('2021-05-07', '57', 'Male', '54', 'Single', 'X', '38', 'N'),
	('2021-05-07', '94', 'Female', '55', 'Single', 'Tiktok', '317', 'N'),
	('2021-05-08', '21', 'Female', '37', 'Married', 'X', '10166', 'N'),
	('2021-05-08', '16', 'Male', '47', 'Single', 'Instagram', '90', 'N'),
	('2021-05-08', '3', 'Female', '31', 'Single', 'Instagram', '11450', 'Y'),
	('2021-05-08', '16', 'Male', '31', 'Married', 'X', '1700', 'N'),
	('2021-05-10', '13', 'Female', '51', 'Divorced', 'Tiktok', '50', 'Y'),
	('2021-05-10', '118', 'Female', '44', 'Single', 'Tiktok', '116', 'N'),
	('2021-05-10', '109', 'Female', '25', 'Divorced', 'Facebook', '1497', 'N'),
	('2021-05-10', '82', 'Male', '41', 'Married', 'Facebook', '343', 'Y'),
	('2021-05-10', '42', 'Female', '19', 'Single', 'Facebook', '2424', 'N'),
	('2021-05-10', '44', 'Female', '17', 'Single', 'X', '6480', 'Y'),
	('2021-05-10', '83', 'Female', '22', 'Single', 'Tiktok', '8568', 'N'),
	('2021-05-10', '65', 'Male', '22', 'Single', 'X', '4464', 'N'),
	('2021-05-10', '30', 'Male', '54', 'Single', 'X', '99', 'Y'),
	('2021-05-10', '85', 'Male', '29', 'Divorced', 'Tiktok', '4800', 'Y'),
	('2021-05-10', '1', 'Male', '31', 'Divorced', 'Tiktok', '2740', 'N'),
	('2021-05-10', '60', 'Male', '41', 'Single', 'Tiktok', '382', 'Y'),
	('2021-05-10', '120', 'Female', '35', 'Single', 'X', '3075', 'N'),
	('2021-05-11', '119', 'Male', '55', 'Divorced', 'X', '304', 'N'),
	('2021-05-11', '6', 'Male', '39', 'Married', 'Instagram', '7282', 'N'),
	('2021-05-11', '53', 'Female', '50', 'Married', 'X', '210', 'Y'),
	('2021-05-11', '101', 'Male', '50', 'Married', 'Tiktok', '261', 'Y'),
	('2021-05-11', '57', 'Female', '50', 'Single', 'X', '20', 'Y'),
	('2021-05-12', '102', 'Male', '15', 'Single', 'Tiktok', '5202', 'N'),
	('2021-05-13', '50', 'Female', '15', 'Single', 'Facebook', '8236', 'N'),
	('2021-05-14', '5', 'Female', '45', 'Married', 'Instagram', '322', 'N'),
	('2021-05-16', '22', 'Female', '16', 'Single', 'Facebook', '1800', 'N'),
	('2021-05-17', '7', 'Female', '51', 'Married', 'Tiktok', '54', 'N'),
	('2021-05-17', '81', 'Female', '25', 'Married', 'X', '3429', 'N'),
	('2021-05-17', '88', 'Male', '42', 'Single', 'Facebook', '176', 'N'),
	('2021-05-19', '25', 'Male', '52', 'Married', 'X', '190', 'N'),
	('2021-05-19', '83', 'Female', '51', 'Divorced', 'X', '323', 'Y'),
	('2021-05-19', '47', 'Female', '48', 'Single', 'Instagram', '143', 'N'),
	('2021-05-19', '81', 'Female', '20', 'Single', 'Facebook', '256', 'N'),
	('2021-05-19', '42', 'Male', '47', 'Single', 'Facebook', '367', 'N'),
	('2021-05-19', '2', 'Male', '43', 'Married', 'Tiktok', '169', 'N'),
	('2021-05-19', '106', 'Female', '18', 'Single', 'X', '2364', 'N'),
	('2021-05-19', '14', 'Male', '25', 'Married', 'X', '8600', 'N'),
	('2021-05-21', '78', 'Female', '39', 'Married', 'X', '5082', 'Y'),
	('2021-05-21', '55', 'Male', '41', 'Married', 'Facebook', '352', 'Y'),
	('2021-05-21', '80', 'Male', '29', 'Divorced', 'Facebook', '4850', 'Y'),
	('2021-05-21', '7', 'Male', '22', 'Single', 'X', '6290', 'N'),
	('2021-05-21', '88', 'Male', '41', 'Divorced', 'Facebook', '237', 'N'),
	('2021-05-21', '71', 'Female', '22', 'Single', 'Instagram', '1764', 'N'),
	('2021-05-22', '107', 'Female', '37', 'Married', 'Instagram', '1910', 'N'),
	('2021-05-22', '88', 'Female', '35', 'Married', 'X', '648', 'Y'),
	('2021-05-22', '91', 'Male', '31', 'Single', 'Facebook', '2940', 'Y'),
	('2021-05-22', '109', 'Female', '17', 'Single', 'X', '7291', 'Y'),
	('2021-05-22', '98', 'Female', '52', 'Married', 'Facebook', '241', 'N'),
	('2021-05-22', '27', 'Female', '19', 'Single', 'Instagram', '1736', 'N'),
	('2021-05-22', '2', 'Male', '40', 'Single', 'X', '280', 'Y'),
	('2021-05-22', '121', 'Female', '26', 'Single', 'X', '1272', 'Y'),
	('2021-05-22', '47', 'Male', '24', 'Married', 'Tiktok', '2760', 'Y'),
	('2021-05-22', '121', 'Female', '25', 'Single', 'Facebook', '2676', 'Y'),
	('2021-05-22', '1', 'Male', '36', 'Married', 'Instagram', '2296', 'N'),
	('2021-05-22', '53', 'Female', '29', 'Single', 'Instagram', '9100', 'N'),
	('2021-05-24', '87', 'Female', '27', 'Married', 'Facebook', '3680', 'N'),
	('2021-05-25', '43', 'Male', '42', 'Single', 'Instagram', '28', 'N'),
	('2021-05-25', '112', 'Female', '19', 'Single', 'X', '1938', 'N'),
	('2021-05-26', '20', 'Female', '29', 'Single', 'X', '2516', 'Y'),
	('2021-05-28', '106', 'Female', '28', 'Single', 'Facebook', '5890', 'Y'),
	('2021-05-28', '1', 'Male', '23', 'Single', 'Instagram', '2268', 'Y'),
	('2021-05-30', '34', 'Male', '53', 'Married', 'Tiktok', '120', 'N'),
	('2021-05-30', '91', 'Female', '32', 'Divorced', 'X', '3762', 'N'),
	('2021-05-31', '91', 'Male', '18', 'Single', 'Tiktok', '2960', 'Y'),
	('2021-05-31', '42', 'Male', '16', 'Single', 'Tiktok', '87', 'Y'),
	('2021-05-31', '13', 'Female', '17', 'Single', 'Facebook', '1824', 'N'),
	('2021-05-31', '68', 'Female', '18', 'Single', 'X', '700', 'Y'),
	('2021-05-31', '5', 'Female', '49', 'Divorced', 'Instagram', '74', 'Y'),
	('2021-06-02', '81', 'Male', '51', 'Divorced', 'Tiktok', '375', 'N'),
	('2021-06-02', '89', 'Female', '27', 'Married', 'Facebook', '8640', 'N'),
	('2021-06-03', '62', 'Male', '53', 'Divorced', 'X', '290', 'N'),
	('2021-06-03', '88', 'Male', '22', 'Single', 'X', '3080', 'N'),
	('2021-06-05', '55', 'Female', '50', 'Single', 'Facebook', '362', 'N'),
	('2021-06-05', '82', 'Male', '55', 'Single', 'Tiktok', '93', 'N'),
	('2021-06-05', '100', 'Male', '54', 'Divorced', 'Tiktok', '315', 'N'),
	('2021-06-05', '12', 'Female', '43', 'Single', 'Instagram', '332', 'Y'),
	('2021-06-05', '18', 'Female', '33', 'Single', 'Instagram', '4968', 'Y'),
	('2021-06-05', '13', 'Female', '24', 'Single', 'Facebook', '7968', 'N'),
	('2021-06-05', '105', 'Female', '25', 'Married', 'Tiktok', '3330', 'N'),
	('2021-06-05', '59', 'Male', '23', 'Single', 'Instagram', '488', 'N'),
	('2021-06-05', '68', 'Female', '24', 'Single', 'Tiktok', '2140', 'N'),
	('2021-06-07', '107', 'Female', '46', 'Single', 'Tiktok', '129', 'N'),
	('2021-06-07', '123', 'Female', '53', 'Single', 'Instagram', '370', 'N'),
	('2021-06-07', '77', 'Male', '24', 'Single', 'Facebook', '2760', 'N'),
	('2021-06-07', '97', 'Male', '16', 'Single', 'Facebook', '3612', 'Y'),
	('2021-06-08', '36', 'Male', '19', 'Single', 'Tiktok', '3304', 'Y'),
	('2021-06-09', '28', 'Male', '54', 'Divorced', 'X', '141', 'Y'),
	('2021-06-11', '109', 'Male', '32', 'Married', 'Tiktok', '6392', 'N'),
	('2021-06-11', '80', 'Male', '27', 'Single', 'X', '10368', 'N'),
	('2021-06-12', '4', 'Male', '16', 'Single', 'Tiktok', '4158', 'N'),
	('2021-06-12', '97', 'Male', '49', 'Married', 'Facebook', '97', 'Y'),
	('2021-06-12', '108', 'Female', '33', 'Single', 'Tiktok', '5700', 'Y'),
	('2021-06-12', '51', 'Male', '15', 'Single', 'Facebook', '12093', 'Y'),
	('2021-06-12', '30', 'Female', '53', 'Single', 'X', '398', 'N'),
	('2021-06-12', '103', 'Female', '34', 'Married', 'Instagram', '350', 'N'),
	('2021-06-13', '40', 'Male', '39', 'Single', 'Facebook', '8338', 'N'),
	('2021-06-13', '111', 'Male', '16', 'Single', 'Tiktok', '9540', 'N'),
	('2021-06-14', '116', 'Male', '39', 'Single', 'Instagram', '7614', 'Y'),
	('2021-06-14', '67', 'Male', '50', 'Single', 'Tiktok', '262', 'N'),
	('2021-06-15', '43', 'Female', '29', 'Married', 'Facebook', '2964', 'N'),
	('2021-06-15', '108', 'Female', '33', 'Single', 'Instagram', '1485', 'N'),
	('2021-06-16', '86', 'Female', '42', 'Married', 'Instagram', '96', 'Y'),
	('2021-06-17', '12', 'Female', '36', 'Single', 'Facebook', '9831', 'Y'),
	('2021-06-17', '22', 'Male', '26', 'Single', 'Facebook', '10934', 'N'),
	('2021-06-18', '20', 'Male', '15', 'Single', 'X', '2034', 'N'),
	('2021-06-18', '34', 'Female', '53', 'Married', 'Tiktok', '241', 'N'),
	('2021-06-20', '19', 'Female', '38', 'Single', 'X', '146', 'N'),
	('2021-06-20', '113', 'Male', '36', 'Single', 'X', '2760', 'Y'),
	('2021-06-20', '109', 'Male', '42', 'Married', 'X', '336', 'Y'),
	('2021-06-21', '58', 'Male', '54', 'Married', 'Instagram', '296', 'Y'),
	('2021-06-21', '59', 'Female', '50', 'Single', 'X', '71', 'Y'),
	('2021-06-21', '107', 'Male', '26', 'Married', 'X', '5292', 'N'),
	('2021-06-21', '99', 'Female', '18', 'Single', 'Instagram', '1497', 'N'),
	('2021-06-21', '18', 'Female', '29', 'Married', 'Facebook', '8946', 'N'),
	('2021-06-21', '34', 'Female', '35', 'Single', 'X', '6368', 'N'),
	('2021-06-21', '120', 'Male', '29', 'Married', 'Instagram', '4352', 'N'),
	('2021-06-21', '8', 'Male', '16', 'Single', 'Facebook', '7965', 'Y'),
	('2021-06-22', '108', 'Female', '51', 'Single', 'Facebook', '121', 'N'),
	('2021-06-22', '15', 'Female', '45', 'Married', 'Facebook', '344', 'Y'),
	('2021-06-22', '118', 'Male', '38', 'Single', 'X', '53', 'Y'),
	('2021-06-22', '121', 'Male', '23', 'Single', 'X', '4606', 'N'),
	('2021-06-22', '26', 'Female', '26', 'Married', 'Facebook', '3025', 'N'),
	('2021-06-24', '78', 'Female', '46', 'Married', 'Facebook', '269', 'N'),
	('2021-06-24', '41', 'Female', '48', 'Married', 'X', '282', 'N'),
	('2021-06-25', '78', 'Male', '52', 'Married', 'Facebook', '216', 'N'),
	('2021-06-26', '20', 'Female', '44', 'Single', 'Facebook', '230', 'Y'),
	('2021-06-26', '60', 'Male', '42', 'Single', 'Tiktok', '88', 'Y'),
	('2021-06-27', '95', 'Male', '38', 'Single', 'Facebook', '5280', 'Y'),
	('2021-06-27', '105', 'Female', '50', 'Married', 'X', '31', 'N'),
	('2021-06-27', '121', 'Female', '53', 'Married', 'X', '112', 'N'),
	('2021-06-27', '22', 'Male', '21', 'Single', 'Instagram', '1602', 'N'),
	('2021-06-28', '77', 'Male', '30', 'Single', 'Facebook', '8160', 'N'),
	('2021-06-30', '67', 'Male', '46', 'Married', 'Facebook', '28', 'N'),
	('2021-06-30', '98', 'Female', '50', 'Divorced', 'Facebook', '167', 'Y'),
	('2021-07-02', '54', 'Male', '54', 'Married', 'X', '353', 'N'),
	('2021-07-02', '35', 'Male', '22', 'Single', 'Instagram', '3381', 'N'),
	('2021-07-03', '88', 'Male', '45', 'Married', 'Instagram', '388', 'N'),
	('2021-07-04', '16', 'Female', '37', 'Married', 'Facebook', '4356', 'Y'),
	('2021-07-04', '122', 'Female', '39', 'Married', 'X', '1055', 'N'),
	('2021-07-05', '80', 'Female', '26', 'Divorced', 'Tiktok', '7170', 'Y'),
	('2021-07-05', '88', 'Male', '47', 'Married', 'Facebook', '49', 'N'),
	('2021-07-05', '32', 'Female', '37', 'Single', 'Facebook', '1404', 'Y'),
	('2021-07-05', '102', 'Female', '15', 'Single', 'Instagram', '7463', 'N'),
	('2021-07-05', '123', 'Female', '43', 'Married', 'Facebook', '230', 'N'),
	('2021-07-07', '98', 'Female', '23', 'Single', 'Tiktok', '3060', 'N'),
	('2021-07-07', '70', 'Female', '27', 'Single', 'Instagram', '11908', 'N'),
	('2021-07-07', '89', 'Male', '22', 'Single', 'Tiktok', '4531', 'Y'),
	('2021-07-07', '38', 'Male', '41', 'Single', 'Facebook', '384', 'N'),
	('2021-07-08', '8', 'Female', '36', 'Married', 'Instagram', '5024', 'N'),
	('2021-07-08', '94', 'Female', '55', 'Married', 'Instagram', '384', 'Y'),
	('2021-07-08', '68', 'Female', '20', 'Single', 'Facebook', '8684', 'N'),
	('2021-07-08', '9', 'Male', '50', 'Divorced', 'X', '313', 'N'),
	('2021-07-08', '14', 'Female', '47', 'Divorced', 'Instagram', '77', 'N'),
	('2021-07-08', '69', 'Male', '29', 'Married', 'Instagram', '1816', 'Y'),
	('2021-07-08', '11', 'Male', '33', 'Single', 'Tiktok', '330', 'Y'),
	('2021-07-08', '117', 'Female', '52', 'Single', 'Tiktok', '376', 'Y'),
	('2021-07-08', '12', 'Male', '25', 'Single', 'X', '2490', 'N'),
	('2021-07-08', '34', 'Male', '40', 'Married', 'X', '1182', 'N'),
	('2021-07-10', '111', 'Female', '43', 'Single', 'X', '228', 'Y'),
	('2021-07-10', '21', 'Female', '30', 'Single', 'Tiktok', '3591', 'N'),
	('2021-07-11', '122', 'Male', '22', 'Single', 'X', '1708', 'Y'),
	('2021-07-11', '72', 'Female', '43', 'Married', 'Instagram', '271', 'N'),
	('2021-07-11', '19', 'Female', '19', 'Single', 'Tiktok', '10879', 'N'),
	('2021-07-11', '11', 'Female', '25', 'Married', 'Tiktok', '4675', 'Y'),
	('2021-07-11', '42', 'Female', '54', 'Married', 'X', '111', 'N'),
	('2021-07-11', '35', 'Male', '21', 'Single', 'X', '7975', 'N'),
	('2021-07-11', '6', 'Female', '34', 'Single', 'Instagram', '1780', 'N'),
	('2021-07-11', '25', 'Female', '17', 'Single', 'X', '9744', 'Y'),
	('2021-07-11', '43', 'Male', '39', 'Divorced', 'Facebook', '2868', 'N'),
	('2021-07-12', '104', 'Female', '40', 'Single', 'Instagram', '1364', 'Y'),
	('2021-07-12', '95', 'Male', '30', 'Single', 'Facebook', '11934', 'N'),
	('2021-07-12', '86', 'Female', '48', 'Divorced', 'Facebook', '302', 'Y'),
	('2021-07-12', '33', 'Male', '27', 'Single', 'Tiktok', '1632', 'N'),
	('2021-07-13', '62', 'Male', '36', 'Single', 'X', '3925', 'Y'),
	('2021-07-13', '31', 'Female', '23', 'Single', 'Instagram', '12460', 'N'),
	('2021-07-13', '75', 'Female', '19', 'Single', 'Tiktok', '916', 'N'),
	('2021-07-14', '4', 'Male', '19', 'Single', 'X', '3699', 'N'),
	('2021-07-14', '71', 'Male', '45', 'Married', 'Facebook', '320', 'Y'),
	('2021-07-14', '73', 'Male', '20', 'Single', 'Facebook', '1548', 'N'),
	('2021-07-16', '51', 'Male', '29', 'Single', 'Facebook', '3682', 'N'),
	('2021-07-16', '59', 'Female', '32', 'Single', 'Instagram', '1360', 'Y'),
	('2021-07-17', '60', 'Male', '45', 'Single', 'Instagram', '334', 'Y'),
	('2021-07-17', '93', 'Female', '55', 'Married', 'X', '313', 'N'),
	('2021-07-17', '77', 'Female', '33', 'Single', 'Facebook', '1908', 'N'),
	('2021-07-18', '34', 'Female', '54', 'Single', 'X', '67', 'N'),
	('2021-07-19', '9', 'Male', '36', 'Divorced', 'Facebook', '6984', 'N'),
	('2021-07-19', '117', 'Male', '43', 'Single', 'Tiktok', '389', 'N'),
	('2021-07-19', '69', 'Male', '42', 'Divorced', 'Facebook', '244', 'Y'),
	('2021-07-21', '54', 'Female', '41', 'Single', 'Facebook', '143', 'N'),
	('2021-07-21', '34', 'Female', '49', 'Married', 'Instagram', '80', 'Y'),
	('2021-07-21', '6', 'Female', '23', 'Single', 'X', '1160', 'Y'),
	('2021-07-21', '39', 'Female', '27', 'Single', 'Instagram', '608', 'N'),
	('2021-07-21', '66', 'Male', '46', 'Married', 'Tiktok', '173', 'N'),
	('2021-07-23', '69', 'Male', '41', 'Single', 'Facebook', '117', 'N'),
	('2021-07-24', '25', 'Female', '28', 'Single', 'X', '10052', 'Y'),
	('2021-07-24', '3', 'Female', '53', 'Divorced', 'Facebook', '166', 'N'),
	('2021-07-25', '72', 'Female', '25', 'Divorced', 'Facebook', '2366', 'N'),
	('2021-07-25', '94', 'Female', '45', 'Single', 'Tiktok', '120', 'Y'),
	('2021-07-25', '24', 'Male', '28', 'Single', 'X', '2184', 'N'),
	('2021-07-26', '29', 'Male', '37', 'Married', 'Facebook', '634', 'N'),
	('2021-07-26', '101', 'Female', '39', 'Divorced', 'Tiktok', '1926', 'N'),
	('2021-07-27', '24', 'Male', '28', 'Single', 'Instagram', '9725', 'N'),
	('2021-07-27', '88', 'Male', '54', 'Married', 'X', '41', 'Y'),
	('2021-07-27', '123', 'Male', '19', 'Single', 'Tiktok', '1620', 'N'),
	('2021-07-27', '116', 'Female', '18', 'Single', 'Instagram', '8952', 'N'),
	('2021-07-27', '86', 'Male', '26', 'Single', 'X', '8289', 'Y'),
	('2021-07-27', '10', 'Female', '27', 'Single', 'Instagram', '2280', 'Y'),
	('2021-07-28', '72', 'Female', '40', 'Married', 'Tiktok', '6390', 'N'),
	('2021-07-28', '27', 'Male', '39', 'Married', 'Instagram', '1820', 'N'),
	('2021-07-28', '123', 'Female', '41', 'Married', 'X', '341', 'Y'),
	('2021-07-29', '118', 'Male', '49', 'Married', 'Instagram', '47', 'N'),
	('2021-07-29', '34', 'Male', '42', 'Single', 'Instagram', '86', 'N'),
	('2021-07-29', '96', 'Male', '23', 'Single', 'Instagram', '2664', 'N'),
	('2021-07-29', '69', 'Female', '53', 'Married', 'Instagram', '219', 'Y'),
	('2021-07-29', '119', 'Male', '52', 'Divorced', 'Facebook', '158', 'N'),
	('2021-07-29', '17', 'Male', '51', 'Single', 'Facebook', '199', 'N'),
	('2021-07-29', '37', 'Male', '41', 'Single', 'Facebook', '85', 'Y'),
	('2021-07-29', '24', 'Male', '15', 'Single', 'Tiktok', '5325', 'N'),
	('2021-07-29', '71', 'Female', '24', 'Divorced', 'Facebook', '400', 'Y'),
	('2021-07-29', '20', 'Male', '55', 'Married', 'Tiktok', '51', 'Y'),
	('2021-07-29', '41', 'Female', '55', 'Married', 'Facebook', '284', 'N'),
	('2021-07-29', '17', 'Female', '32', 'Divorced', 'X', '132', 'Y'),
	('2021-07-29', '42', 'Female', '55', 'Single', 'Facebook', '179', 'N'),
	('2021-07-29', '24', 'Male', '21', 'Single', 'X', '7728', 'N'),
	('2021-07-29', '103', 'Female', '30', 'Single', 'Facebook', '7452', 'N'),
	('2021-07-29', '50', 'Female', '38', 'Single', 'X', '392', 'N'),
	('2021-07-29', '114', 'Male', '34', 'Married', 'Facebook', '4641', 'N'),
	('2021-07-30', '119', 'Male', '17', 'Single', 'X', '2992', 'Y'),
	('2021-07-30', '117', 'Female', '22', 'Single', 'Facebook', '783', 'Y'),
	('2021-07-31', '121', 'Female', '27', 'Single', 'Instagram', '4656', 'N'),
	('2021-07-31', '57', 'Female', '54', 'Single', 'X', '20', 'N'),
	('2021-07-31', '78', 'Female', '17', 'Single', 'Tiktok', '10063', 'Y'),
	('2021-07-31', '76', 'Female', '15', 'Single', 'Instagram', '3938', 'N'),
	('2021-07-31', '95', 'Female', '46', 'Single', 'X', '25', 'N'),
	('2021-07-31', '25', 'Female', '21', 'Single', 'Tiktok', '3058', 'N'),
	('2021-07-31', '105', 'Female', '49', 'Single', 'X', '346', 'N'),
	('2021-08-01', '98', 'Male', '32', 'Divorced', 'Instagram', '9850', 'Y'),
	('2021-08-02', '72', 'Male', '33', 'Single', 'Tiktok', '686', 'Y'),
	('2021-08-03', '66', 'Male', '30', 'Single', 'Instagram', '5052', 'Y'),
	('2021-08-04', '13', 'Female', '27', 'Married', 'Instagram', '100', 'N'),
	('2021-08-04', '97', 'Female', '16', 'Single', 'Instagram', '1943', 'N'),
	('2021-08-06', '32', 'Male', '54', 'Single', 'Instagram', '257', 'Y'),
	('2021-08-06', '75', 'Female', '33', 'Divorced', 'Facebook', '2820', 'N'),
	('2021-08-06', '23', 'Male', '24', 'Married', 'X', '9660', 'N'),
	('2021-08-06', '19', 'Female', '19', 'Single', 'X', '3016', 'N'),
	('2021-08-06', '78', 'Female', '16', 'Single', 'Facebook', '4785', 'Y'),
	('2021-08-07', '101', 'Male', '55', 'Single', 'Instagram', '378', 'Y'),
	('2021-08-08', '17', 'Female', '21', 'Single', 'Facebook', '6180', 'N'),
	('2021-08-08', '93', 'Female', '52', 'Divorced', 'Instagram', '151', 'N'),
	('2021-08-08', '80', 'Female', '25', 'Divorced', 'Instagram', '4200', 'N'),
	('2021-08-10', '103', 'Male', '48', 'Single', 'X', '32', 'N'),
	('2021-08-10', '115', 'Male', '30', 'Single', 'Facebook', '6580', 'N'),
	('2021-08-11', '59', 'Male', '19', 'Single', 'Tiktok', '5220', 'N'),
	('2021-08-12', '123', 'Male', '53', 'Married', 'Tiktok', '65', 'N'),
	('2021-08-13', '118', 'Male', '32', 'Single', 'Facebook', '9975', 'N'),
	('2021-08-13', '50', 'Female', '48', 'Married', 'X', '155', 'N'),
	('2021-08-14', '78', 'Male', '41', 'Married', 'Facebook', '303', 'N'),
	('2021-08-14', '7', 'Male', '44', 'Married', 'Facebook', '142', 'Y'),
	('2021-08-14', '66', 'Female', '42', 'Single', 'Facebook', '118', 'N'),
	('2021-08-15', '13', 'Male', '38', 'Single', 'X', '1372', 'N'),
	('2021-08-16', '107', 'Male', '37', 'Married', 'X', '826', 'N'),
	('2021-08-16', '109', 'Female', '53', 'Single', 'Instagram', '236', 'N'),
	('2021-08-16', '120', 'Male', '18', 'Single', 'X', '6600', 'N'),
	('2021-08-17', '10', 'Male', '55', 'Single', 'Facebook', '345', 'N'),
	('2021-08-17', '103', 'Female', '41', 'Single', 'Instagram', '29', 'Y'),
	('2021-08-17', '110', 'Male', '17', 'Single', 'X', '2088', 'N'),
	('2021-08-17', '108', 'Male', '51', 'Divorced', 'Instagram', '113', 'Y'),
	('2021-08-19', '26', 'Female', '39', 'Divorced', 'Tiktok', '10611', 'N'),
	('2021-08-19', '120', 'Female', '45', 'Single', 'X', '258', 'Y'),
	('2021-08-19', '102', 'Male', '50', 'Married', 'Instagram', '153', 'Y'),
	('2021-08-19', '33', 'Male', '48', 'Married', 'Facebook', '294', 'Y'),
	('2021-08-19', '25', 'Male', '47', 'Single', 'Instagram', '289', 'N'),
	('2021-08-19', '79', 'Male', '17', 'Single', 'X', '6027', 'N'),
	('2021-08-21', '37', 'Female', '42', 'Single', 'Tiktok', '177', 'N'),
	('2021-08-21', '27', 'Female', '52', 'Single', 'Tiktok', '294', 'N'),
	('2021-08-21', '63', 'Female', '49', 'Married', 'Tiktok', '178', 'N'),
	('2021-08-22', '71', 'Male', '19', 'Single', 'Facebook', '8300', 'Y'),
	('2021-08-23', '53', 'Male', '23', 'Single', 'Instagram', '6270', 'Y'),
	('2021-08-23', '51', 'Female', '41', 'Single', 'Facebook', '90', 'N'),
	('2021-08-23', '117', 'Female', '49', 'Married', 'Facebook', '139', 'N'),
	('2021-08-23', '94', 'Male', '52', 'Single', 'Tiktok', '256', 'Y'),
	('2021-08-23', '74', 'Female', '50', 'Divorced', 'Facebook', '227', 'N'),
	('2021-08-23', '65', 'Male', '48', 'Single', 'Instagram', '339', 'N'),
	('2021-08-23', '95', 'Male', '45', 'Married', 'Facebook', '213', 'N'),
	('2021-08-24', '98', 'Female', '31', 'Divorced', 'Instagram', '5103', 'Y'),
	('2021-08-24', '38', 'Female', '15', 'Single', 'Facebook', '970', 'N'),
	('2021-08-25', '11', 'Male', '18', 'Single', 'Facebook', '13200', 'N'),
	('2021-08-26', '60', 'Male', '19', 'Single', 'X', '9180', 'N'),
	('2021-08-26', '23', 'Male', '44', 'Married', 'Tiktok', '395', 'Y'),
	('2021-08-26', '99', 'Female', '51', 'Single', 'Tiktok', '92', 'N'),
	('2021-08-26', '15', 'Female', '19', 'Single', 'Facebook', '7440', 'N'),
	('2021-08-26', '93', 'Male', '55', 'Single', 'Instagram', '226', 'N'),
	('2021-08-26', '38', 'Male', '40', 'Married', 'Facebook', '2968', 'N'),
	('2021-08-26', '42', 'Male', '48', 'Married', 'Instagram', '85', 'N'),
	('2021-08-26', '27', 'Female', '36', 'Single', 'Facebook', '3944', 'Y'),
	('2021-08-26', '22', 'Male', '52', 'Married', 'Facebook', '357', 'Y'),
	('2021-08-27', '43', 'Male', '22', 'Single', 'Facebook', '3648', 'N'),
	('2021-08-27', '95', 'Male', '32', 'Married', 'Tiktok', '3960', 'Y'),
	('2021-08-28', '38', 'Male', '38', 'Single', 'Facebook', '9246', 'N'),
	('2021-08-30', '39', 'Male', '35', 'Married', 'Instagram', '2368', 'Y'),
	('2021-08-30', '42', 'Female', '48', 'Divorced', 'Instagram', '366', 'N'),
	('2021-08-30', '98', 'Male', '32', 'Married', 'Facebook', '3192', 'N'),
	('2021-08-31', '118', 'Female', '34', 'Single', 'Facebook', '3760', 'N'),
	('2021-08-31', '70', 'Male', '20', 'Single', 'Instagram', '10612', 'N'),
	('2021-09-02', '58', 'Female', '47', 'Married', 'X', '191', 'N'),
	('2021-09-02', '5', 'Male', '16', 'Single', 'Facebook', '1720', 'N'),
	('2021-09-02', '115', 'Male', '15', 'Single', 'Facebook', '1472', 'Y'),
	('2021-09-02', '100', 'Male', '52', 'Divorced', 'X', '362', 'N'),
	('2021-09-02', '45', 'Male', '39', 'Married', 'Instagram', '3978', 'N'),
	('2021-09-02', '87', 'Male', '39', 'Single', 'Tiktok', '12717', 'Y'),
	('2021-09-02', '9', 'Female', '46', 'Married', 'Instagram', '312', 'Y'),
	('2021-09-02', '35', 'Male', '47', 'Single', 'X', '237', 'Y'),
	('2021-09-02', '13', 'Male', '35', 'Married', 'X', '1173', 'N'),
	('2021-09-03', '79', 'Female', '28', 'Married', 'X', '164', 'Y'),
	('2021-09-03', '18', 'Female', '31', 'Single', 'X', '407', 'N'),
	('2021-09-03', '2', 'Female', '46', 'Married', 'X', '186', 'N'),
	('2021-09-03', '98', 'Male', '34', 'Married', 'Facebook', '1180', 'N'),
	('2021-09-03', '11', 'Male', '45', 'Single', 'Facebook', '95', 'N'),
	('2021-09-05', '64', 'Male', '31', 'Single', 'Tiktok', '9568', 'N'),
	('2021-09-05', '112', 'Female', '23', 'Single', 'Tiktok', '5031', 'N'),
	('2021-09-05', '70', 'Female', '17', 'Single', 'Instagram', '1162', 'N'),
	('2021-09-05', '33', 'Female', '46', 'Married', 'Facebook', '212', 'N'),
	('2021-09-05', '24', 'Male', '50', 'Single', 'Facebook', '39', 'Y'),
	('2021-09-07', '37', 'Female', '20', 'Single', 'X', '300', 'N'),
	('2021-09-07', '74', 'Male', '34', 'Married', 'Instagram', '2814', 'N'),
	('2021-09-07', '95', 'Male', '48', 'Divorced', 'Facebook', '367', 'Y'),
	('2021-09-08', '81', 'Male', '45', 'Married', 'Tiktok', '148', 'N'),
	('2021-09-08', '123', 'Female', '49', 'Divorced', 'Instagram', '65', 'Y'),
	('2021-09-08', '98', 'Female', '32', 'Married', 'Instagram', '4239', 'N'),
	('2021-09-08', '97', 'Male', '38', 'Married', 'Facebook', '3870', 'Y'),
	('2021-09-09', '118', 'Male', '42', 'Married', 'Instagram', '345', 'N'),
	('2021-09-09', '52', 'Male', '39', 'Married', 'Facebook', '5523', 'N'),
	('2021-09-10', '91', 'Female', '17', 'Single', 'Tiktok', '1344', 'N'),
	('2021-09-10', '58', 'Female', '25', 'Married', 'X', '99', 'Y'),
	('2021-09-10', '108', 'Female', '28', 'Married', 'Facebook', '3848', 'Y'),
	('2021-09-12', '31', 'Male', '16', 'Single', 'Instagram', '975', 'Y'),
	('2021-09-12', '80', 'Male', '26', 'Married', 'X', '1776', 'N'),
	('2021-09-13', '10', 'Male', '47', 'Single', 'X', '154', 'Y'),
	('2021-09-13', '101', 'Male', '19', 'Single', 'Tiktok', '1430', 'Y'),
	('2021-09-13', '80', 'Male', '20', 'Single', 'X', '6255', 'Y'),
	('2021-09-13', '95', 'Male', '35', 'Married', 'X', '3276', 'N'),
	('2021-09-13', '81', 'Male', '42', 'Single', 'Instagram', '50', 'Y'),
	('2021-09-13', '38', 'Female', '41', 'Divorced', 'Tiktok', '248', 'N'),
	('2021-09-13', '84', 'Male', '27', 'Married', 'Facebook', '1320', 'N'),
	('2021-09-14', '102', 'Female', '21', 'Single', 'Facebook', '5126', 'N'),
	('2021-09-14', '8', 'Male', '24', 'Single', 'Facebook', '2330', 'N'),
	('2021-09-14', '63', 'Female', '38', 'Divorced', 'Instagram', '3432', 'N'),
	('2021-09-14', '21', 'Male', '48', 'Married', 'Instagram', '101', 'N'),
	('2021-09-14', '40', 'Female', '29', 'Married', 'Tiktok', '2064', 'N'),
	('2021-09-14', '32', 'Male', '28', 'Married', 'Tiktok', '2175', 'Y'),
	('2021-09-14', '30', 'Male', '49', 'Single', 'X', '343', 'N'),
	('2021-09-14', '38', 'Female', '29', 'Single', 'Instagram', '1944', 'N'),
	('2021-09-14', '82', 'Female', '19', 'Single', 'Facebook', '4589', 'N'),
	('2021-09-15', '71', 'Male', '26', 'Single', 'Facebook', '1300', 'Y'),
	('2021-09-15', '105', 'Male', '47', 'Divorced', 'Instagram', '239', 'N'),
	('2021-09-16', '32', 'Female', '42', 'Married', 'X', '364', 'N'),
	('2021-09-16', '12', 'Male', '16', 'Single', 'Tiktok', '7720', 'Y'),
	('2021-09-16', '31', 'Male', '36', 'Single', 'Facebook', '7582', 'N'),
	('2021-09-16', '22', 'Female', '45', 'Married', 'Instagram', '179', 'Y'),
	('2021-09-16', '50', 'Female', '17', 'Single', 'Facebook', '5491', 'N'),
	('2021-09-17', '45', 'Male', '28', 'Married', 'Instagram', '4844', 'N'),
	('2021-09-17', '23', 'Female', '26', 'Married', 'Facebook', '385', 'N'),
	('2021-09-17', '62', 'Female', '53', 'Single', 'X', '185', 'N'),
	('2021-09-17', '103', 'Male', '25', 'Single', 'Facebook', '634', 'Y'),
	('2021-09-19', '112', 'Female', '52', 'Married', 'Facebook', '140', 'Y'),
	('2021-09-19', '35', 'Male', '49', 'Single', 'Instagram', '152', 'N'),
	('2021-09-19', '94', 'Male', '26', 'Married', 'Instagram', '4340', 'N'),
	('2021-09-19', '27', 'Male', '23', 'Single', 'Facebook', '5852', 'Y'),
	('2021-09-19', '24', 'Male', '32', 'Married', 'Tiktok', '6266', 'N'),
	('2021-09-20', '45', 'Male', '42', 'Married', 'Instagram', '260', 'Y'),
	('2021-09-20', '45', 'Female', '18', 'Single', 'Tiktok', '1928', 'N'),
	('2021-09-20', '97', 'Male', '26', 'Single', 'Tiktok', '3892', 'N'),
	('2021-09-21', '97', 'Female', '19', 'Single', 'Facebook', '1548', 'N'),
	('2021-09-21', '101', 'Male', '51', 'Divorced', 'Instagram', '105', 'Y'),
	('2021-09-21', '51', 'Female', '28', 'Divorced', 'Facebook', '8993', 'N'),
	('2021-09-21', '116', 'Male', '53', 'Single', 'Facebook', '258', 'Y'),
	('2021-09-21', '68', 'Male', '54', 'Married', 'Instagram', '110', 'N'),
	('2021-09-23', '61', 'Female', '45', 'Married', 'Instagram', '184', 'Y'),
	('2021-09-23', '31', 'Female', '16', 'Single', 'X', '4576', 'N'),
	('2021-09-25', '17', 'Male', '43', 'Married', 'Tiktok', '352', 'N'),
	('2021-09-25', '75', 'Female', '34', 'Single', 'Tiktok', '2700', 'Y'),
	('2021-09-25', '10', 'Female', '16', 'Single', 'X', '5472', 'N'),
	('2021-09-25', '118', 'Female', '54', 'Divorced', 'Facebook', '30', 'Y'),
	('2021-09-25', '16', 'Female', '24', 'Single', 'Instagram', '1441', 'N'),
	('2021-09-25', '123', 'Female', '41', 'Married', 'Tiktok', '32', 'N'),
	('2021-09-25', '81', 'Female', '53', 'Divorced', 'Tiktok', '383', 'N'),
	('2021-09-26', '40', 'Female', '33', 'Married', 'Instagram', '282', 'N'),
	('2021-09-28', '36', 'Male', '21', 'Single', 'Instagram', '1176', 'N'),
	('2021-09-30', '120', 'Male', '38', 'Married', 'Tiktok', '1360', 'N'),
	('2021-10-01', '8', 'Male', '15', 'Single', 'Facebook', '7982', 'N'),
	('2021-10-03', '13', 'Female', '36', 'Single', 'Facebook', '2278', 'Y'),
	('2021-10-03', '110', 'Male', '42', 'Married', 'X', '56', 'N'),
	('2021-10-03', '17', 'Female', '55', 'Married', 'Tiktok', '101', 'Y'),
	('2021-10-03', '82', 'Female', '16', 'Single', 'Instagram', '7740', 'Y'),
	('2021-10-03', '22', 'Male', '18', 'Single', 'Facebook', '2464', 'Y'),
	('2021-10-03', '29', 'Female', '46', 'Single', 'Tiktok', '117', 'N'),
	('2021-10-03', '105', 'Male', '52', 'Married', 'Tiktok', '106', 'Y'),
	('2021-10-05', '98', 'Female', '33', 'Single', 'Tiktok', '2700', 'Y'),
	('2021-10-07', '99', 'Male', '28', 'Married', 'X', '1323', 'N'),
	('2021-10-09', '88', 'Male', '46', 'Married', 'Tiktok', '223', 'Y'),
	('2021-10-09', '96', 'Female', '45', 'Single', 'X', '179', 'N'),
	('2021-10-09', '49', 'Female', '33', 'Single', 'Facebook', '6300', 'Y'),
	('2021-10-10', '7', 'Male', '43', 'Married', 'Instagram', '241', 'N'),
	('2021-10-10', '104', 'Male', '44', 'Married', 'Facebook', '89', 'N'),
	('2021-10-10', '123', 'Male', '43', 'Single', 'Instagram', '372', 'Y'),
	('2021-10-10', '58', 'Male', '33', 'Married', 'X', '11508', 'N'),
	('2021-10-10', '28', 'Male', '24', 'Married', 'Facebook', '5542', 'N'),
	('2021-10-11', '43', 'Female', '45', 'Single', 'Facebook', '285', 'N'),
	('2021-10-11', '97', 'Female', '48', 'Married', 'Tiktok', '191', 'N'),
	('2021-10-11', '93', 'Female', '28', 'Single', 'Tiktok', '1056', 'N'),
	('2021-10-12', '101', 'Female', '46', 'Married', 'Tiktok', '114', 'N'),
	('2021-10-12', '81', 'Male', '31', 'Divorced', 'X', '6292', 'N'),
	('2021-10-12', '54', 'Male', '35', 'Married', 'Facebook', '4000', 'Y'),
	('2021-10-12', '28', 'Male', '47', 'Divorced', 'X', '232', 'N'),
	('2021-10-12', '42', 'Female', '38', 'Single', 'Tiktok', '2700', 'N'),
	('2021-10-13', '122', 'Male', '42', 'Single', 'Tiktok', '53', 'N'),
	('2021-10-13', '90', 'Female', '17', 'Single', 'X', '12312', 'Y'),
	('2021-10-14', '48', 'Female', '40', 'Single', 'X', '6188', 'Y'),
	('2021-10-15', '3', 'Male', '21', 'Single', 'Facebook', '5746', 'N'),
	('2021-10-15', '74', 'Female', '25', 'Single', 'Tiktok', '2495', 'Y'),
	('2021-10-17', '79', 'Female', '49', 'Single', 'X', '255', 'N'),
	('2021-10-17', '57', 'Female', '33', 'Married', 'X', '11124', 'N'),
	('2021-10-17', '12', 'Male', '36', 'Single', 'Tiktok', '970', 'N'),
	('2021-10-17', '59', 'Male', '40', 'Married', 'Instagram', '3392', 'N'),
	('2021-10-17', '121', 'Male', '48', 'Single', 'Tiktok', '53', 'N'),
	('2021-10-19', '32', 'Male', '26', 'Single', 'Facebook', '6531', 'N'),
	('2021-10-19', '84', 'Male', '42', 'Married', 'X', '261', 'N'),
	('2021-10-21', '56', 'Female', '42', 'Married', 'Facebook', '53', 'N'),
	('2021-10-21', '103', 'Female', '15', 'Single', 'Instagram', '489', 'N'),
	('2021-10-22', '31', 'Male', '53', 'Married', 'Instagram', '216', 'N'),
	('2021-10-22', '116', 'Female', '48', 'Divorced', 'Facebook', '349', 'N'),
	('2021-10-22', '99', 'Female', '44', 'Married', 'Tiktok', '327', 'Y'),
	('2021-10-24', '40', 'Male', '39', 'Married', 'Tiktok', '8856', 'N'),
	('2021-10-24', '65', 'Male', '38', 'Married', 'Instagram', '1407', 'Y'),
	('2021-10-24', '69', 'Female', '52', 'Divorced', 'Instagram', '346', 'Y'),
	('2021-10-24', '35', 'Female', '29', 'Married', 'Facebook', '492', 'N'),
	('2021-10-24', '33', 'Male', '42', 'Married', 'Instagram', '191', 'N'),
	('2021-10-26', '113', 'Female', '20', 'Single', 'Instagram', '720', 'Y'),
	('2021-10-28', '63', 'Female', '39', 'Single', 'Instagram', '1935', 'N'),
	('2021-10-28', '62', 'Male', '24', 'Single', 'Facebook', '5340', 'N'),
	('2021-10-30', '99', 'Female', '52', 'Single', 'Instagram', '55', 'Y'),
	('2021-10-30', '108', 'Male', '34', 'Divorced', 'Tiktok', '2360', 'N'),
	('2021-10-30', '78', 'Female', '17', 'Single', 'Instagram', '3984', 'N'),
	('2021-11-01', '24', 'Male', '38', 'Single', 'Tiktok', '864', 'N'),
	('2021-11-03', '89', 'Female', '28', 'Married', 'Tiktok', '10500', 'N'),
	('2021-11-03', '30', 'Male', '38', 'Married', 'Instagram', '10902', 'N'),
	('2021-11-03', '94', 'Male', '27', 'Married', 'Instagram', '693', 'N'),
	('2021-11-03', '112', 'Female', '40', 'Single', 'X', '2970', 'N'),
	('2021-11-05', '98', 'Male', '39', 'Married', 'Instagram', '5035', 'Y'),
	('2021-11-05', '5', 'Male', '46', 'Divorced', 'Facebook', '155', 'N'),
	('2021-11-05', '8', 'Male', '18', 'Single', 'Instagram', '5208', 'Y'),
	('2021-11-05', '14', 'Female', '19', 'Single', 'Tiktok', '13776', 'N'),
	('2021-11-06', '97', 'Female', '50', 'Divorced', 'Instagram', '260', 'N'),
	('2021-11-06', '55', 'Female', '53', 'Married', 'Tiktok', '119', 'N'),
	('2021-11-06', '53', 'Female', '21', 'Single', 'Tiktok', '3928', 'N'),
	('2021-11-06', '95', 'Female', '53', 'Single', 'X', '220', 'N'),
	('2021-11-08', '72', 'Female', '46', 'Married', 'Facebook', '147', 'N'),
	('2021-11-08', '50', 'Male', '48', 'Single', 'Tiktok', '122', 'Y'),
	('2021-11-09', '36', 'Female', '24', 'Married', 'X', '410', 'Y'),
	('2021-11-09', '96', 'Female', '45', 'Divorced', 'X', '165', 'N'),
	('2021-11-09', '32', 'Male', '45', 'Married', 'Tiktok', '276', 'N'),
	('2021-11-09', '58', 'Female', '15', 'Single', 'Instagram', '6566', 'N'),
	('2021-11-11', '116', 'Male', '18', 'Single', 'Facebook', '10908', 'N'),
	('2021-11-11', '13', 'Male', '34', 'Single', 'Facebook', '9425', 'Y'),
	('2021-11-12', '75', 'Female', '28', 'Single', 'Facebook', '572', 'N'),
	('2021-11-12', '5', 'Male', '38', 'Single', 'Instagram', '363', 'Y'),
	('2021-11-13', '41', 'Female', '32', 'Divorced', 'Instagram', '2415', 'N'),
	('2021-11-13', '55', 'Female', '17', 'Single', 'Instagram', '1740', 'Y'),
	('2021-11-13', '84', 'Female', '40', 'Single', 'Instagram', '1008', 'N'),
	('2021-11-14', '104', 'Female', '34', 'Single', 'X', '4710', 'N'),
	('2021-11-14', '66', 'Male', '35', 'Single', 'Instagram', '5904', 'N'),
	('2021-11-14', '106', 'Male', '16', 'Single', 'Tiktok', '2316', 'Y'),
	('2021-11-14', '71', 'Female', '34', 'Married', 'X', '7110', 'Y'),
	('2021-11-15', '32', 'Male', '51', 'Single', 'Instagram', '204', 'N'),
	('2021-11-15', '40', 'Male', '46', 'Married', 'Tiktok', '271', 'Y'),
	('2021-11-15', '108', 'Male', '45', 'Single', 'Tiktok', '105', 'N'),
	('2021-11-15', '104', 'Male', '37', 'Single', 'Tiktok', '420', 'N'),
	('2021-11-15', '61', 'Male', '23', 'Single', 'Instagram', '900', 'Y'),
	('2021-11-15', '100', 'Female', '50', 'Married', 'X', '384', 'Y'),
	('2021-11-15', '40', 'Male', '18', 'Single', 'X', '5520', 'Y'),
	('2021-11-15', '24', 'Female', '29', 'Married', 'X', '5904', 'N'),
	('2021-11-16', '27', 'Male', '52', 'Married', 'X', '100', 'Y'),
	('2021-11-16', '68', 'Male', '30', 'Single', 'Tiktok', '978', 'N'),
	('2021-11-16', '93', 'Female', '24', 'Married', 'Facebook', '110', 'N'),
	('2021-11-16', '90', 'Female', '30', 'Single', 'X', '807', 'N'),
	('2021-11-16', '68', 'Female', '53', 'Divorced', 'X', '366', 'N'),
	('2021-11-17', '122', 'Male', '49', 'Single', 'Facebook', '242', 'N'),
	('2021-11-17', '34', 'Female', '23', 'Single', 'Instagram', '2310', 'N'),
	('2021-11-17', '59', 'Male', '39', 'Divorced', 'Tiktok', '336', 'N'),
	('2021-11-17', '122', 'Male', '20', 'Single', 'Instagram', '7046', 'N'),
	('2021-11-17', '118', 'Female', '52', 'Single', 'Facebook', '40', 'N'),
	('2021-11-17', '86', 'Male', '31', 'Married', 'Instagram', '2262', 'N'),
	('2021-11-17', '21', 'Female', '33', 'Single', 'X', '200', 'N'),
	('2021-11-18', '113', 'Male', '28', 'Divorced', 'X', '7792', 'Y'),
	('2021-11-18', '87', 'Male', '29', 'Married', 'Facebook', '1472', 'Y'),
	('2021-11-18', '33', 'Female', '18', 'Single', 'Tiktok', '5320', 'N'),
	('2021-11-18', '37', 'Female', '19', 'Single', 'X', '620', 'N'),
	('2021-11-19', '61', 'Female', '49', 'Married', 'X', '339', 'Y'),
	('2021-11-19', '70', 'Female', '43', 'Single', 'Facebook', '321', 'Y'),
	('2021-11-19', '45', 'Male', '23', 'Single', 'Instagram', '10206', 'Y'),
	('2021-11-19', '32', 'Female', '42', 'Single', 'X', '256', 'Y'),
	('2021-11-19', '123', 'Male', '25', 'Single', 'X', '2622', 'N'),
	('2021-11-20', '36', 'Female', '45', 'Married', 'Instagram', '368', 'N'),
	('2021-11-20', '38', 'Male', '24', 'Married', 'Facebook', '1416', 'Y'),
	('2021-11-20', '43', 'Male', '36', 'Single', 'Instagram', '4059', 'N'),
	('2021-11-20', '44', 'Male', '23', 'Single', 'Facebook', '4550', 'N'),
	('2021-11-20', '93', 'Male', '31', 'Single', 'X', '11961', 'N'),
	('2021-11-20', '26', 'Female', '17', 'Single', 'Instagram', '1388', 'Y'),
	('2021-11-20', '112', 'Female', '51', 'Married', 'X', '332', 'N'),
	('2021-11-20', '81', 'Female', '17', 'Single', 'X', '4730', 'N'),
	('2021-11-20', '117', 'Male', '40', 'Married', 'Facebook', '193', 'N'),
	('2021-11-21', '12', 'Female', '33', 'Divorced', 'X', '10140', 'Y'),
	('2021-11-22', '45', 'Female', '47', 'Single', 'Facebook', '206', 'Y'),
	('2021-11-22', '14', 'Female', '36', 'Married', 'Facebook', '6467', 'N'),
	('2021-11-22', '42', 'Female', '19', 'Single', 'Instagram', '4350', 'N'),
	('2021-11-23', '55', 'Female', '46', 'Married', 'Facebook', '383', 'Y'),
	('2021-11-23', '111', 'Male', '40', 'Single', 'Facebook', '1107', 'N'),
	('2021-11-23', '37', 'Female', '50', 'Married', 'Tiktok', '260', 'Y'),
	('2021-11-23', '71', 'Female', '33', 'Married', 'Instagram', '2688', 'Y'),
	('2021-11-23', '120', 'Male', '33', 'Divorced', 'Tiktok', '1139', 'Y'),
	('2021-11-23', '18', 'Female', '39', 'Married', 'X', '3795', 'Y'),
	('2021-11-25', '91', 'Male', '38', 'Single', 'Facebook', '1209', 'Y'),
	('2021-11-27', '65', 'Male', '48', 'Single', 'Facebook', '259', 'N'),
	('2021-11-27', '33', 'Male', '55', 'Divorced', 'Facebook', '341', 'N'),
	('2021-11-27', '108', 'Female', '21', 'Single', 'Instagram', '453', 'N'),
	('2021-11-27', '81', 'Female', '36', 'Single', 'Instagram', '4592', 'N'),
	('2021-11-27', '119', 'Male', '31', 'Single', 'Instagram', '10854', 'Y'),
	('2021-11-27', '82', 'Female', '26', 'Married', 'Tiktok', '6450', 'N'),
	('2021-11-28', '6', 'Female', '28', 'Single', 'X', '3280', 'N'),
	('2021-11-29', '114', 'Female', '27', 'Married', 'Instagram', '585', 'N'),
	('2021-12-01', '71', 'Female', '19', 'Single', 'X', '8625', 'N'),
	('2021-12-02', '13', 'Male', '31', 'Married', 'Instagram', '2706', 'N'),
	('2021-12-02', '120', 'Female', '36', 'Married', 'X', '1449', 'N'),
	('2021-12-02', '99', 'Female', '33', 'Married', 'X', '3335', 'N'),
	('2021-12-02', '117', 'Male', '45', 'Married', 'Tiktok', '323', 'N'),
	('2021-12-03', '80', 'Male', '30', 'Single', 'Instagram', '3146', 'Y'),
	('2021-12-05', '18', 'Male', '24', 'Married', 'Tiktok', '1653', 'N'),
	('2021-12-05', '42', 'Male', '36', 'Married', 'Facebook', '4284', 'N'),
	('2021-12-06', '50', 'Female', '31', 'Single', 'X', '621', 'N'),
	('2021-12-07', '45', 'Male', '42', 'Single', 'Tiktok', '143', 'N'),
	('2021-12-07', '90', 'Female', '38', 'Single', 'Facebook', '8313', 'N'),
	('2021-12-08', '115', 'Female', '20', 'Single', 'Instagram', '2304', 'Y'),
	('2021-12-08', '29', 'Female', '44', 'Married', 'X', '37', 'N'),
	('2021-12-08', '81', 'Female', '47', 'Single', 'Instagram', '265', 'N'),
	('2021-12-08', '17', 'Female', '48', 'Married', 'Instagram', '153', 'Y'),
	('2021-12-08', '45', 'Male', '31', 'Married', 'Tiktok', '4040', 'Y'),
	('2021-12-08', '31', 'Female', '54', 'Single', 'Tiktok', '382', 'N'),
	('2021-12-08', '19', 'Female', '18', 'Single', 'Facebook', '1500', 'N'),
	('2021-12-08', '21', 'Female', '43', 'Single', 'Tiktok', '254', 'N'),
	('2021-12-08', '86', 'Male', '22', 'Single', 'X', '7084', 'Y'),
	('2021-12-08', '102', 'Male', '38', 'Married', 'Instagram', '2185', 'N'),
	('2021-12-08', '110', 'Male', '54', 'Married', 'Facebook', '21', 'N'),
	('2021-12-08', '83', 'Male', '28', 'Married', 'Tiktok', '7168', 'N'),
	('2021-12-08', '44', 'Male', '52', 'Married', 'Tiktok', '232', 'N'),
	('2021-12-08', '18', 'Male', '25', 'Single', 'Instagram', '6732', 'N'),
	('2021-12-08', '100', 'Female', '37', 'Divorced', 'X', '7429', 'N'),
	('2021-12-08', '47', 'Male', '20', 'Single', 'Facebook', '455', 'Y'),
	('2021-12-08', '95', 'Female', '27', 'Single', 'Facebook', '1404', 'N'),
	('2021-12-09', '45', 'Female', '41', 'Married', 'Tiktok', '158', 'N'),
	('2021-12-09', '104', 'Female', '24', 'Divorced', 'Facebook', '6141', 'Y'),
	('2021-12-09', '82', 'Female', '48', 'Married', 'X', '250', 'N'),
	('2021-12-09', '50', 'Female', '43', 'Divorced', 'X', '266', 'Y'),
	('2021-12-09', '100', 'Female', '36', 'Married', 'Instagram', '5980', 'N'),
	('2021-12-09', '64', 'Female', '31', 'Single', 'Instagram', '1125', 'Y'),
	('2021-12-09', '88', 'Male', '22', 'Single', 'Tiktok', '11136', 'N'),
	('2021-12-09', '83', 'Male', '40', 'Married', 'Instagram', '9700', 'N'),
	('2021-12-09', '10', 'Female', '34', 'Single', 'Facebook', '3234', 'N'),
	('2021-12-09', '44', 'Female', '48', 'Single', 'X', '152', 'N'),
	('2021-12-09', '24', 'Female', '53', 'Single', 'X', '123', 'N'),
	('2021-12-09', '16', 'Male', '22', 'Single', 'Tiktok', '2805', 'Y'),
	('2021-12-10', '112', 'Female', '40', 'Single', 'X', '3604', 'N'),
	('2021-12-10', '72', 'Female', '16', 'Single', 'Instagram', '5152', 'N'),
	('2021-12-10', '75', 'Male', '54', 'Single', 'Tiktok', '161', 'N'),
	('2021-12-10', '78', 'Female', '32', 'Married', 'Facebook', '3834', 'N'),
	('2021-12-12', '5', 'Female', '33', 'Divorced', 'Facebook', '8550', 'Y'),
	('2021-12-14', '73', 'Female', '29', 'Married', 'Facebook', '4290', 'N'),
	('2021-12-14', '111', 'Male', '23', 'Single', 'Tiktok', '2100', 'N'),
	('2021-12-15', '107', 'Female', '41', 'Single', 'Facebook', '263', 'N'),
	('2021-12-15', '22', 'Female', '27', 'Married', 'Instagram', '7700', 'Y'),
	('2021-12-15', '93', 'Female', '27', 'Single', 'X', '720', 'N'),
	('2021-12-16', '61', 'Male', '51', 'Married', 'Instagram', '321', 'N'),
	('2021-12-16', '94', 'Male', '17', 'Single', 'Tiktok', '5236', 'N'),
	('2021-12-16', '118', 'Male', '24', 'Divorced', 'Tiktok', '858', 'N'),
	('2021-12-17', '72', 'Female', '39', 'Divorced', 'Tiktok', '120', 'N'),
	('2021-12-17', '117', 'Female', '22', 'Single', 'X', '312', 'N'),
	('2021-12-18', '71', 'Female', '21', 'Single', 'Instagram', '2175', 'N'),
	('2021-12-19', '76', 'Female', '54', 'Married', 'X', '147', 'N'),
	('2021-12-19', '81', 'Female', '43', 'Married', 'Instagram', '259', 'Y'),
	('2021-12-19', '34', 'Male', '53', 'Married', 'Tiktok', '327', 'N'),
	('2021-12-19', '95', 'Male', '51', 'Married', 'Tiktok', '122', 'N'),
	('2021-12-19', '25', 'Male', '21', 'Single', 'Instagram', '2448', 'N'),
	('2021-12-19', '22', 'Male', '50', 'Married', 'Instagram', '120', 'N'),
	('2021-12-19', '5', 'Female', '52', 'Single', 'Instagram', '377', 'Y'),
	('2021-12-19', '31', 'Male', '33', 'Married', 'Tiktok', '10419', 'Y'),
	('2021-12-19', '67', 'Male', '20', 'Single', 'Facebook', '6048', 'N'),
	('2021-12-19', '50', 'Male', '48', 'Single', 'Instagram', '56', 'N'),
	('2021-12-19', '88', 'Male', '52', 'Single', 'Instagram', '267', 'Y'),
	('2021-12-21', '32', 'Female', '23', 'Single', 'Tiktok', '3586', 'N'),
	('2021-12-21', '117', 'Male', '20', 'Single', 'Tiktok', '1684', 'Y'),
	('2021-12-21', '80', 'Female', '30', 'Single', 'Instagram', '1664', 'N'),
	('2021-12-21', '63', 'Male', '41', 'Single', 'X', '196', 'Y'),
	('2021-12-22', '83', 'Male', '55', 'Single', 'Instagram', '206', 'N'),
	('2021-12-22', '105', 'Female', '25', 'Married', 'Tiktok', '455', 'N'),
	('2021-12-22', '112', 'Male', '16', 'Single', 'X', '2108', 'N'),
	('2021-12-23', '111', 'Male', '21', 'Single', 'Tiktok', '1682', 'Y'),
	('2021-12-23', '37', 'Male', '47', 'Single', 'Tiktok', '263', 'N'),
	('2021-12-24', '41', 'Male', '26', 'Single', 'Tiktok', '1800', 'Y'),
	('2021-12-25', '106', 'Male', '45', 'Married', 'Tiktok', '308', 'N'),
	('2021-12-26', '38', 'Female', '35', 'Married', 'X', '8395', 'N'),
	('2021-12-26', '27', 'Female', '49', 'Married', 'Facebook', '186', 'Y'),
	('2021-12-26', '49', 'Male', '32', 'Married', 'Instagram', '762', 'N'),
	('2021-12-26', '103', 'Female', '45', 'Married', 'Instagram', '253', 'Y'),
	('2021-12-26', '31', 'Male', '15', 'Single', 'Tiktok', '730', 'N'),
	('2021-12-26', '19', 'Male', '28', 'Single', 'Tiktok', '3456', 'N'),
	('2021-12-27', '109', 'Male', '32', 'Single', 'Facebook', '1722', 'N'),
	('2021-12-27', '47', 'Female', '26', 'Single', 'Instagram', '3420', 'N'),
	('2021-12-27', '98', 'Female', '52', 'Single', 'Facebook', '164', 'Y'),
	('2021-12-28', '88', 'Male', '26', 'Single', 'Instagram', '1935', 'N'),
	('2021-12-29', '95', 'Male', '52', 'Single', 'Tiktok', '68', 'N'),
	('2021-12-30', '93', 'Male', '51', 'Single', 'Instagram', '306', 'Y'),
	('2021-12-30', '113', 'Female', '39', 'Married', 'X', '1080', 'Y'),
	('2021-12-31', '111', 'Male', '53', 'Single', 'Tiktok', '110', 'N');